filename,text
captcha_0001.png,A2617
captcha_0002.png,T1923
captcha_0003.png,C8086
captcha_0004.png,T877
captcha_0005.png,V879
captcha_0006.png,F8914
captcha_0007.png,C3015
captcha_0008.png,Y9815
captcha_0009.png,K3103
captcha_0010.png,E9466
captcha_0011.png,D8511
captcha_0012.png,B8433
captcha_0013.png,R954
captcha_0014.png,J830
captcha_0015.png,Q7607
captcha_0016.png,M8468
captcha_0017.png,M6865
captcha_0018.png,S5370
captcha_0019.png,X2166
captcha_0020.png,Z6787
captcha_0021.png,F9708
captcha_0022.png,K5244
captcha_0023.png,A4255
captcha_0024.png,X8165
captcha_0025.png,V8583
captcha_0026.png,M9363
captcha_0027.png,K4555
captcha_0028.png,U3539
captcha_0029.png,S5285
captcha_0030.png,W3865
captcha_0031.png,N4780
captcha_0032.png,P5731
captcha_0033.png,D911
captcha_0034.png,U3056
captcha_0035.png,A9441
captcha_0036.png,S1886
captcha_0037.png,Z5551
captcha_0038.png,S2749
captcha_0039.png,Z1465
captcha_0040.png,P9653
captcha_0041.png,A5272
captcha_0042.png,P7774
captcha_0043.png,G9554
captcha_0044.png,G2573
captcha_0045.png,C8815
captcha_0046.png,B4661
captcha_0047.png,E4783
captcha_0048.png,A700
captcha_0049.png,A7364
captcha_0050.png,W7769
captcha_0051.png,Z6760
captcha_0052.png,B8675
captcha_0053.png,Q7316
captcha_0054.png,P7435
captcha_0055.png,X4614
captcha_0056.png,M6828
captcha_0057.png,F1788
captcha_0058.png,E5233
captcha_0059.png,B1233
captcha_0060.png,D8105
captcha_0061.png,R1174
captcha_0062.png,K5848
captcha_0063.png,W5581
captcha_0064.png,K4557
captcha_0065.png,Z8382
captcha_0066.png,M8121
captcha_0067.png,W2361
captcha_0068.png,B6418
captcha_0069.png,C3385
captcha_0070.png,J743
captcha_0071.png,N2328
captcha_0072.png,Z1471
captcha_0073.png,Q5552
captcha_0074.png,G2005
captcha_0075.png,S8219
captcha_0076.png,F4310
captcha_0077.png,U5822
captcha_0078.png,N4538
captcha_0079.png,T3086
captcha_0080.png,N5691
captcha_0081.png,Z8956
captcha_0082.png,H6164
captcha_0083.png,E8859
captcha_0084.png,R2380
captcha_0085.png,A9693
captcha_0086.png,Z1171
captcha_0087.png,P2533
captcha_0088.png,A3454
captcha_0089.png,Y9513
captcha_0090.png,H111
captcha_0091.png,R9688
captcha_0092.png,G1228
captcha_0093.png,F9488
captcha_0094.png,X2502
captcha_0095.png,A9098
captcha_0096.png,S7173
captcha_0097.png,J2415
captcha_0098.png,Q8926
captcha_0099.png,X9334
captcha_0100.png,S6130
captcha_0101.png,S605
captcha_0102.png,V9987
captcha_0103.png,U708
captcha_0104.png,Y6722
captcha_0105.png,Z5281
captcha_0106.png,J2870
captcha_0107.png,Q9177
captcha_0108.png,R2100
captcha_0109.png,Y1638
captcha_0110.png,K371
captcha_0111.png,M2961
captcha_0112.png,P6540
captcha_0113.png,K5914
captcha_0114.png,X4615
captcha_0115.png,H3655
captcha_0116.png,H7679
captcha_0117.png,A1460
captcha_0118.png,G2461
captcha_0119.png,V7260
captcha_0120.png,N5638
captcha_0121.png,V9566
captcha_0122.png,Q5875
captcha_0123.png,M9010
captcha_0124.png,W5401
captcha_0125.png,X5895
captcha_0126.png,X231
captcha_0127.png,U7083
captcha_0128.png,E8826
captcha_0129.png,Z7534
captcha_0130.png,H8753
captcha_0131.png,L9289
captcha_0132.png,A2293
captcha_0133.png,T9902
captcha_0134.png,Q9255
captcha_0135.png,K8992
captcha_0136.png,A6360
captcha_0137.png,V7657
captcha_0138.png,B4038
captcha_0139.png,U7501
captcha_0140.png,C2774
captcha_0141.png,L3654
captcha_0142.png,R6698
captcha_0143.png,Q9234
captcha_0144.png,R7181
captcha_0145.png,J6617
captcha_0146.png,V7219
captcha_0147.png,Z6764
captcha_0148.png,P5315
captcha_0149.png,T7790
captcha_0150.png,Q4966
captcha_0151.png,U451
captcha_0152.png,T2377
captcha_0153.png,W7614
captcha_0154.png,G2833
captcha_0155.png,S8195
captcha_0156.png,W595
captcha_0157.png,X1928
captcha_0158.png,Y3898
captcha_0159.png,Z3435
captcha_0160.png,E1770
captcha_0161.png,V5525
captcha_0162.png,R7063
captcha_0163.png,B245
captcha_0164.png,M5652
captcha_0165.png,G454
captcha_0166.png,X2694
captcha_0167.png,X3857
captcha_0168.png,H9331
captcha_0169.png,Y7284
captcha_0170.png,Q3513
captcha_0171.png,K4720
captcha_0172.png,Z3753
captcha_0173.png,L6821
captcha_0174.png,Q7889
captcha_0175.png,G5054
captcha_0176.png,B4889
captcha_0177.png,X2542
captcha_0178.png,X64
captcha_0179.png,Y4045
captcha_0180.png,Y251
captcha_0181.png,E2432
captcha_0182.png,T2353
captcha_0183.png,L6983
captcha_0184.png,H4233
captcha_0185.png,H1211
captcha_0186.png,E203
captcha_0187.png,J5259
captcha_0188.png,R2806
captcha_0189.png,V1832
captcha_0190.png,D2326
captcha_0191.png,S8154
captcha_0192.png,C437
captcha_0193.png,F1842
captcha_0194.png,S3944
captcha_0195.png,U4547
captcha_0196.png,J350
captcha_0197.png,S8482
captcha_0198.png,G2863
captcha_0199.png,K9656
captcha_0200.png,S7970
captcha_0201.png,W3244
captcha_0202.png,F258
captcha_0203.png,J8144
captcha_0204.png,V9S
captcha_0205.png,X7020
captcha_0206.png,Y2304
captcha_0207.png,B2158
captcha_0208.png,H4642
captcha_0209.png,Z8677
captcha_0210.png,S5461
captcha_0211.png,N9838
captcha_0212.png,B2735
captcha_0213.png,Z2374
captcha_0214.png,R5362
captcha_0215.png,V4293
captcha_0216.png,Y6891
captcha_0217.png,T5781
captcha_0218.png,W9104
captcha_0219.png,W7056
captcha_0220.png,W1558
captcha_0221.png,Y107
captcha_0222.png,M4863
captcha_0223.png,Q1808
captcha_0224.png,D4495
captcha_0225.png,D9506
captcha_0226.png,C1612
captcha_0227.png,E193
captcha_0228.png,K6868
captcha_0229.png,Q1935
captcha_0230.png,F6546
captcha_0231.png,W4412
captcha_0232.png,Y4235
captcha_0233.png,C9941
captcha_0234.png,N5216
captcha_0235.png,L3741
captcha_0236.png,X7006
captcha_0237.png,R4979
captcha_0238.png,V3874
captcha_0239.png,Y8767
captcha_0240.png,Y9195
captcha_0241.png,V161
captcha_0242.png,U2168
captcha_0243.png,N8044
captcha_0244.png,L752
captcha_0245.png,Y3148
captcha_0246.png,K4973
captcha_0247.png,E7757
captcha_0248.png,T1389
captcha_0249.png,C7547
captcha_0250.png,W4891
captcha_0251.png,C9823
captcha_0252.png,X6786
captcha_0253.png,X7773
captcha_0254.png,B219
captcha_0255.png,B5130
captcha_0256.png,U8751
captcha_0257.png,P7073
captcha_0258.png,W65O
captcha_0259.png,F1254
captcha_0260.png,Y748
captcha_0261.png,E7078
captcha_0262.png,W7584
captcha_0263.png,A8436
captcha_0264.png,M8608
captcha_0265.png,T2851
captcha_0266.png,C7675
captcha_0267.png,N2392
captcha_0268.png,K1786
captcha_0269.png,J3322
captcha_0270.png,U8406
captcha_0271.png,B1628
captcha_0272.png,K9125
captcha_0273.png,B8077
captcha_0274.png,Y2064
captcha_0275.png,J5135
captcha_0276.png,Y5583
captcha_0277.png,T9541
captcha_0278.png,L5199
captcha_0279.png,Z7289
captcha_0280.png,H1968
captcha_0281.png,D8937
captcha_0282.png,S2580
captcha_0283.png,X8597
captcha_0284.png,D5248
captcha_0285.png,X846
captcha_0286.png,W8927
captcha_0287.png,D5305
captcha_0288.png,G912
captcha_0289.png,C8350
captcha_0290.png,X6965
captcha_0291.png,T3135
captcha_0292.png,R1000
captcha_0293.png,Y2297
captcha_0294.png,W1177
captcha_0295.png,A9959
captcha_0296.png,A4205
captcha_0297.png,F7022
captcha_0298.png,T3360
captcha_0299.png,Q2594
captcha_0300.png,L9921
captcha_0301.png,J5572
captcha_0302.png,L9743
captcha_0303.png,B6771
captcha_0304.png,E902
captcha_0305.png,Q8963
captcha_0306.png,E5683
captcha_0307.png,K8025
captcha_0308.png,S4957
captcha_0309.png,N1754
captcha_0310.png,Q1716
captcha_0311.png,G3910
captcha_0312.png,T7777
captcha_0313.png,S5781
captcha_0314.png,P4733
captcha_0315.png,S8674
captcha_0316.png,B4732
captcha_0317.png,Z1847
captcha_0318.png,J7493
captcha_0319.png,S8963
captcha_0320.png,P9968
captcha_0321.png,J2708
captcha_0322.png,G9489
captcha_0323.png,B8303
captcha_0324.png,F6235
captcha_0325.png,W4673
captcha_0326.png,N8782
captcha_0327.png,M2001
captcha_0328.png,H7127
captcha_0329.png,E5589
captcha_0330.png,U3656
captcha_0331.png,P1760
captcha_0332.png,P9611
captcha_0333.png,L1190
captcha_0334.png,T1370
captcha_0335.png,D1658
captcha_0336.png,B6603
captcha_0337.png,R3803
captcha_0338.png,V9697
captcha_0339.png,X9642
captcha_0340.png,V6115
captcha_0341.png,K110
captcha_0342.png,D8910
captcha_0343.png,M6701
captcha_0344.png,K7364
captcha_0345.png,Z3689
captcha_0346.png,E5345
captcha_0347.png,T177
captcha_0348.png,C2841
captcha_0349.png,A9434
captcha_0350.png,H6171
captcha_0351.png,L8046
captcha_0352.png,L4563
captcha_0353.png,P2222
captcha_0354.png,X2111
captcha_0355.png,L1437
captcha_0356.png,X2112
captcha_0357.png,V5273
captcha_0358.png,Z5600
captcha_0359.png,H5999
captcha_0360.png,A7894
captcha_0361.png,C5151
captcha_0362.png,B4232
captcha_0363.png,L3177
captcha_0364.png,Q5629
captcha_0365.png,D5758
captcha_0366.png,N9923
captcha_0367.png,K7739
captcha_0368.png,L7499
captcha_0369.png,Y1292
captcha_0370.png,F5786
captcha_0371.png,K1168
captcha_0372.png,E6093
captcha_0373.png,L6948
captcha_0374.png,Z6455
captcha_0375.png,K790
captcha_0376.png,R5539
captcha_0377.png,U8080
captcha_0378.png,U6066
captcha_0379.png,E2902
captcha_0380.png,S8109
captcha_0381.png,U4088
captcha_0382.png,K1628
captcha_0383.png,L8018
captcha_0384.png,A9126
captcha_0385.png,T6839
captcha_0386.png,Q3960
captcha_0387.png,E9604
captcha_0388.png,Q665
captcha_0389.png,K6013
captcha_0390.png,D8789
captcha_0391.png,L1817
captcha_0392.png,U5453
captcha_0393.png,Y9485
captcha_0394.png,R8737
captcha_0395.png,N8708
captcha_0396.png,M779
captcha_0397.png,V8404
captcha_0398.png,F2597
captcha_0399.png,G7321
captcha_0400.png,R5903
captcha_0401.png,C9216
captcha_0402.png,H3134
captcha_0403.png,U4838
captcha_0404.png,A8499
captcha_0405.png,F2356
captcha_0406.png,R1893
captcha_0407.png,F4552
captcha_0408.png,M7795
captcha_0409.png,X1174
captcha_0410.png,E9285
captcha_0411.png,D6072
captcha_0412.png,H6533
captcha_0413.png,N2458
captcha_0414.png,H9706
captcha_0415.png,Z1845
captcha_0416.png,P2549
captcha_0417.png,J3006
captcha_0418.png,V2703
captcha_0419.png,W3589
captcha_0420.png,N7141
captcha_0421.png,W2274
captcha_0422.png,Q9030
captcha_0423.png,S6351
captcha_0424.png,L7212
captcha_0425.png,R9160
captcha_0426.png,Z7436
captcha_0427.png,J4251
captcha_0428.png,T2895
captcha_0429.png,S7993
captcha_0430.png,N6736
captcha_0431.png,S3684
captcha_0432.png,T5730
captcha_0433.png,Q3262
captcha_0434.png,G6327
captcha_0435.png,K4740
captcha_0436.png,L569
captcha_0437.png,G8501
captcha_0438.png,B6513
captcha_0439.png,Y4362
captcha_0440.png,N6199
captcha_0441.png,J2209
captcha_0442.png,E4672
captcha_0443.png,R4630
captcha_0444.png,R3626
captcha_0445.png,E954
captcha_0446.png,P9177
captcha_0447.png,U762
captcha_0448.png,W6942
captcha_0449.png,W6608
captcha_0450.png,M6805
captcha_0451.png,J1984
captcha_0452.png,C609
captcha_0453.png,G833
captcha_0454.png,B25
captcha_0455.png,K5125
captcha_0456.png,A2143
captcha_0457.png,S784
captcha_0458.png,G409
captcha_0459.png,H2633
captcha_0460.png,N2942
captcha_0461.png,Y8995
captcha_0462.png,S3361
captcha_0463.png,U1956
captcha_0464.png,A9827
captcha_0465.png,C8718
captcha_0466.png,Y9823
captcha_0467.png,J640
captcha_0468.png,N7188
captcha_0469.png,C6821
captcha_0470.png,D5901
captcha_0471.png,E7609
captcha_0472.png,X8396
captcha_0473.png,J1014
captcha_0474.png,R9424
captcha_0475.png,X2314
captcha_0476.png,M6451
captcha_0477.png,Q7844
captcha_0478.png,P7672
captcha_0479.png,L5706
captcha_0480.png,N5202
captcha_0481.png,Y4605
captcha_0482.png,M2512
captcha_0483.png,U5680
captcha_0484.png,S8682
captcha_0485.png,A4773
captcha_0486.png,N8458
captcha_0487.png,B258
captcha_0488.png,K9398
captcha_0489.png,Q6006
captcha_0490.png,A7400
captcha_0491.png,E5540
captcha_0492.png,J7559
captcha_0493.png,G7083
captcha_0494.png,H3656
captcha_0495.png,A7312
captcha_0496.png,M7265
captcha_0497.png,B9515
captcha_0498.png,Y5523
captcha_0499.png,H4798
captcha_0500.png,B7742
captcha_0501.png,V7728
captcha_0502.png,P5002
captcha_0503.png,Y3291
captcha_0504.png,H6933
captcha_0505.png,Q4256
captcha_0506.png,E3573
captcha_0507.png,D6791
captcha_0508.png,N9884
captcha_0509.png,G6666
captcha_0510.png,J5946
captcha_0511.png,C5265
captcha_0512.png,W883
captcha_0513.png,G4951
captcha_0514.png,V3319
captcha_0515.png,X1843
captcha_0516.png,Q7311
captcha_0517.png,A1359
captcha_0518.png,Z5507
captcha_0519.png,X7237
captcha_0520.png,L5828
captcha_0521.png,G5577
captcha_0522.png,C9772
captcha_0523.png,M3001
captcha_0524.png,L1755
captcha_0525.png,B9650
captcha_0526.png,V8044
captcha_0527.png,Y8783
captcha_0528.png,B9860
captcha_0529.png,B8874
captcha_0530.png,V2825
captcha_0531.png,Q632
captcha_0532.png,A1209
captcha_0533.png,Q2070
captcha_0534.png,Y8112
captcha_0535.png,V840
captcha_0536.png,A6996
captcha_0537.png,Z7821
captcha_0538.png,D3069
captcha_0539.png,A8123
captcha_0540.png,X5815
captcha_0541.png,Z9534
captcha_0542.png,T8222
captcha_0543.png,H8289
captcha_0544.png,Q8546
captcha_0545.png,R3466
captcha_0546.png,Q5130
captcha_0547.png,R7762
captcha_0548.png,H9837
captcha_0549.png,Q6559
captcha_0550.png,Z5618
captcha_0551.png,B7598
captcha_0552.png,E2669
captcha_0553.png,V6432
captcha_0554.png,A6167
captcha_0555.png,Q1359
captcha_0556.png,C9439
captcha_0557.png,N9508
captcha_0558.png,G9467
captcha_0559.png,K6372
captcha_0560.png,X4441
captcha_0561.png,A7304
captcha_0562.png,Y5447
captcha_0563.png,B9438
captcha_0564.png,Y2328
captcha_0565.png,C9315
captcha_0566.png,B9605
captcha_0567.png,L8564
captcha_0568.png,P8452
captcha_0569.png,A9422
captcha_0570.png,G4159
captcha_0571.png,D970
captcha_0572.png,P4654
captcha_0573.png,P7527
captcha_0574.png,S5216
captcha_0575.png,L4989
captcha_0576.png,V9232
captcha_0577.png,F5714
captcha_0578.png,A7389
captcha_0579.png,L6714
captcha_0580.png,K680
captcha_0581.png,Q1234
captcha_0582.png,D6923
captcha_0583.png,R7315
captcha_0584.png,P5639
captcha_0585.png,F7890
captcha_0586.png,Y1457
captcha_0587.png,L177
captcha_0588.png,B4218
captcha_0589.png,E2054
captcha_0590.png,D8561
captcha_0591.png,J2962
captcha_0592.png,E3806
captcha_0593.png,A4240
captcha_0594.png,R8633
captcha_0595.png,F5345
captcha_0596.png,H6219
captcha_0597.png,E6414
captcha_0598.png,Y213
captcha_0599.png,J3821
captcha_0600.png,L2096
captcha_0601.png,N1315
captcha_0602.png,P510
captcha_0603.png,L4491
captcha_0604.png,D1006
captcha_0605.png,J532
captcha_0606.png,S2866
captcha_0607.png,U2081
captcha_0608.png,N5750
captcha_0609.png,V5943
captcha_0610.png,L6954
captcha_0611.png,K4703
captcha_0612.png,K7123
captcha_0613.png,B8329
captcha_0614.png,V6136
captcha_0615.png,D7420
captcha_0616.png,L1300
captcha_0617.png,P1283
captcha_0618.png,D7916
captcha_0619.png,G6490
captcha_0620.png,W6902
captcha_0621.png,H7374
captcha_0622.png,X5889
captcha_0623.png,T7440
captcha_0624.png,J1198
captcha_0625.png,C1335
captcha_0626.png,J930
captcha_0627.png,N1767
captcha_0628.png,P6712
captcha_0629.png,Q9189
captcha_0630.png,P7907
captcha_0631.png,Z1852
captcha_0632.png,F3380
captcha_0633.png,E3224
captcha_0634.png,X7291
captcha_0635.png,H2552
captcha_0636.png,X8229
captcha_0637.png,E8745
captcha_0638.png,R2357
captcha_0639.png,Q9400
captcha_0640.png,G9984
captcha_0641.png,S2418
captcha_0642.png,G4617
captcha_0643.png,C2818
captcha_0644.png,L3907
captcha_0645.png,M7539
captcha_0646.png,R8257
captcha_0647.png,C9570
captcha_0648.png,F5915
captcha_0649.png,N6123
captcha_0650.png,H6899
captcha_0651.png,Y7384
captcha_0652.png,L4234
captcha_0653.png,F4737
captcha_0654.png,G9212
captcha_0655.png,P7503
captcha_0656.png,U3202
captcha_0657.png,X2538
captcha_0658.png,B5153
captcha_0659.png,Y7561
captcha_0660.png,G1222
captcha_0661.png,M5719
captcha_0662.png,Q6300
captcha_0663.png,F8277
captcha_0664.png,D2752
captcha_0665.png,K7414
captcha_0666.png,M9335
captcha_0667.png,V7105
captcha_0668.png,H7138
captcha_0669.png,D8282
captcha_0670.png,V9905
captcha_0671.png,H1761
captcha_0672.png,N5728
captcha_0673.png,A3251
captcha_0674.png,R4733
captcha_0675.png,M9611
captcha_0676.png,E9201
captcha_0677.png,G4428
captcha_0678.png,T2947
captcha_0679.png,L5534
captcha_0680.png,F6399
captcha_0681.png,R9036
captcha_0682.png,Q4000
captcha_0683.png,U1352
captcha_0684.png,P6349
captcha_0685.png,L8290
captcha_0686.png,Y8092
captcha_0687.png,A2188
captcha_0688.png,S9811
captcha_0689.png,M85
captcha_0690.png,Y72
captcha_0691.png,Q5941
captcha_0692.png,T5864
captcha_0693.png,H8041
captcha_0694.png,N4892
captcha_0695.png,V6514
captcha_0696.png,D7265
captcha_0697.png,H2362
captcha_0698.png,U6074
captcha_0699.png,K7858
captcha_0700.png,W10O2
captcha_0701.png,M8727
captcha_0702.png,C4235
captcha_0703.png,C4178
captcha_0704.png,Z5028
captcha_0705.png,E2661
captcha_0706.png,X9298
captcha_0707.png,H4783
captcha_0708.png,N1571
captcha_0709.png,E3372
captcha_0710.png,M9553
captcha_0711.png,N7768
captcha_0712.png,B2658
captcha_0713.png,D7488
captcha_0714.png,T1545
captcha_0715.png,J6182
captcha_0716.png,C5073
captcha_0717.png,M7018
captcha_0718.png,T4472
captcha_0719.png,N3388
captcha_0720.png,S9
captcha_0721.png,G7867
captcha_0722.png,D508
captcha_0723.png,D7268
captcha_0724.png,C8182
captcha_0725.png,M1476
captcha_0726.png,V7682
captcha_0727.png,U155
captcha_0728.png,H9971
captcha_0729.png,P7888
captcha_0730.png,Q9086
captcha_0731.png,U1645
captcha_0732.png,B9901
captcha_0733.png,L5274
captcha_0734.png,R9012
captcha_0735.png,R1812
captcha_0736.png,Z6220
captcha_0737.png,W5485
captcha_0738.png,P1586
captcha_0739.png,A154
captcha_0740.png,V2348
captcha_0741.png,L1074
captcha_0742.png,V1877
captcha_0743.png,R8920
captcha_0744.png,G1046
captcha_0745.png,J1313
captcha_0746.png,A5248
captcha_0747.png,J9698
captcha_0748.png,Y8711
captcha_0749.png,Y4728
captcha_0750.png,F9096
captcha_0751.png,T7667
captcha_0752.png,N7389
captcha_0753.png,W8489
captcha_0754.png,A5485
captcha_0755.png,D7491
captcha_0756.png,T8364
captcha_0757.png,W6013
captcha_0758.png,K4970
captcha_0759.png,Q8105
captcha_0760.png,J6549
captcha_0761.png,Y1096
captcha_0762.png,Z895
captcha_0763.png,W5475
captcha_0764.png,R6526
captcha_0765.png,W8905
captcha_0766.png,T8552
captcha_0767.png,E6079
captcha_0768.png,H6884
captcha_0769.png,M3720
captcha_0770.png,B2297
captcha_0771.png,Z6863
captcha_0772.png,C2647
captcha_0773.png,U5545
captcha_0774.png,J5348
captcha_0775.png,Q8448
captcha_0776.png,H5182
captcha_0777.png,T9429
captcha_0778.png,H3255
captcha_0779.png,H4710
captcha_0780.png,W3823
captcha_0781.png,B7182
captcha_0782.png,K3357
captcha_0783.png,H4656
captcha_0784.png,U1793
captcha_0785.png,X4866
captcha_0786.png,P4114
captcha_0787.png,K9653
captcha_0788.png,P9213
captcha_0789.png,C316
captcha_0790.png,X1740
captcha_0791.png,J5942
captcha_0792.png,G1886
captcha_0793.png,F2673
captcha_0794.png,P5012
captcha_0795.png,T8056
captcha_0796.png,F3120
captcha_0797.png,N3023
captcha_0798.png,M6374
captcha_0799.png,P9827
captcha_0800.png,U9758
captcha_0801.png,Q7582
captcha_0802.png,N7400
captcha_0803.png,R896
captcha_0804.png,W5955
captcha_0805.png,D7984
captcha_0806.png,X2005
captcha_0807.png,K3201
captcha_0808.png,V1594
captcha_0809.png,L9662
captcha_0810.png,Q62
captcha_0811.png,Z4076
captcha_0812.png,B8133
captcha_0813.png,D3839
captcha_0814.png,K6708
captcha_0815.png,S1142
captcha_0816.png,R7747
captcha_0817.png,S4860
captcha_0818.png,Z2181
captcha_0819.png,S6565
captcha_0820.png,V9488
captcha_0821.png,U2548
captcha_0822.png,Z7313
captcha_0823.png,X7999
captcha_0824.png,R4094
captcha_0825.png,L1148
captcha_0826.png,F1156
captcha_0827.png,Z1392
captcha_0828.png,A2850
captcha_0829.png,B7853
captcha_0830.png,B7377
captcha_0831.png,Q8844
captcha_0832.png,D6988
captcha_0833.png,N2300
captcha_0834.png,Z4121
captcha_0835.png,M1624
captcha_0836.png,B259
captcha_0837.png,Q4863
captcha_0838.png,Q9136
captcha_0839.png,B1342
captcha_0840.png,Y9538
captcha_0841.png,N4644
captcha_0842.png,J759
captcha_0843.png,T1723
captcha_0844.png,R8977
captcha_0845.png,M7175
captcha_0846.png,T9959
captcha_0847.png,R4617
captcha_0848.png,F5134
captcha_0849.png,S7390
captcha_0850.png,U9591
captcha_0851.png,P5231
captcha_0852.png,L9892
captcha_0853.png,A4617
captcha_0854.png,W6996
captcha_0855.png,H305
captcha_0856.png,M1411
captcha_0857.png,T3343
captcha_0858.png,C2152
captcha_0859.png,U3389
captcha_0860.png,V4977
captcha_0861.png,T8985
captcha_0862.png,H6521
captcha_0863.png,Q5199
captcha_0864.png,N715
captcha_0865.png,H6811
captcha_0866.png,E3674
captcha_0867.png,D2692
captcha_0868.png,L5106
captcha_0869.png,L8094
captcha_0870.png,Q3266
captcha_0871.png,V1163
captcha_0872.png,H771
captcha_0873.png,A1575
captcha_0874.png,T8547
captcha_0875.png,S4309
captcha_0876.png,R2979
captcha_0877.png,B8827
captcha_0878.png,N4279
captcha_0879.png,Z2027
captcha_0880.png,U3245
captcha_0881.png,F9268
captcha_0882.png,M7984
captcha_0883.png,R1992
captcha_0884.png,A1559
captcha_0885.png,E8443
captcha_0886.png,Q7787
captcha_0887.png,C897
captcha_0888.png,P3541
captcha_0889.png,W6743
captcha_0890.png,B709
captcha_0891.png,R3122
captcha_0892.png,Q4860
captcha_0893.png,F2653
captcha_0894.png,S1482
captcha_0895.png,U7148
captcha_0896.png,T3087
captcha_0897.png,W7207
captcha_0898.png,S2252
captcha_0899.png,W987
captcha_0900.png,M4118
captcha_0901.png,G71
captcha_0902.png,R4027
captcha_0903.png,V2807
captcha_0904.png,J8834
captcha_0905.png,J9524
captcha_0906.png,K8474
captcha_0907.png,T5438
captcha_0908.png,Y5936
captcha_0909.png,N4322
captcha_0910.png,R5201
captcha_0911.png,U9731
captcha_0912.png,Y5318
captcha_0913.png,G352
captcha_0914.png,D7877
captcha_0915.png,AS741
captcha_0916.png,L2425
captcha_0917.png,C8768
captcha_0918.png,G5671
captcha_0919.png,Y3640
captcha_0920.png,X1764
captcha_0921.png,T4286
captcha_0922.png,Z5562
captcha_0923.png,Z3563
captcha_0924.png,Z4814
captcha_0925.png,S1025
captcha_0926.png,W8590
captcha_0927.png,X2010
captcha_0928.png,D1257
captcha_0929.png,G4318
captcha_0930.png,N1374
captcha_0931.png,S4534
captcha_0932.png,G4904
captcha_0933.png,L3621
captcha_0934.png,G3156
captcha_0935.png,G2092
captcha_0936.png,C6705
captcha_0937.png,J1769
captcha_0938.png,K3222
captcha_0939.png,C7114
captcha_0940.png,L5669
captcha_0941.png,R822
captcha_0942.png,W403
captcha_0943.png,C329
captcha_0944.png,A3596
captcha_0945.png,X4849
captcha_0946.png,J7472
captcha_0947.png,B5244
captcha_0948.png,A6581
captcha_0949.png,Z8893
captcha_0950.png,T1261
captcha_0951.png,E7820
captcha_0952.png,J9524
captcha_0953.png,N7283
captcha_0954.png,T3613
captcha_0955.png,T6726
captcha_0956.png,P4892
captcha_0957.png,Y189
captcha_0958.png,K3240
captcha_0959.png,S8551
captcha_0960.png,M8958
captcha_0961.png,E1045
captcha_0962.png,V7897
captcha_0963.png,Y8147
captcha_0964.png,M5741
captcha_0965.png,U5213
captcha_0966.png,F9382
captcha_0967.png,Y8538
captcha_0968.png,B7977
captcha_0969.png,E7197
captcha_0970.png,K9925
captcha_0971.png,M5120
captcha_0972.png,N898
captcha_0973.png,K8035
captcha_0974.png,G158
captcha_0975.png,B6OO5
captcha_0976.png,V3644
captcha_0977.png,C2388
captcha_0978.png,G6465
captcha_0979.png,C6299
captcha_0980.png,G1371
captcha_0981.png,A3206
captcha_0982.png,X1171
captcha_0983.png,D6837
captcha_0984.png,J4352
captcha_0985.png,Y7393
captcha_0986.png,J4881
captcha_0987.png,Z5669
captcha_0988.png,Z4964
captcha_0989.png,L8814
captcha_0990.png,R127
captcha_0991.png,Y5649
captcha_0992.png,J4836
captcha_0993.png,M8165
captcha_0994.png,Y5046
captcha_0995.png,V2513
captcha_0996.png,X1692
captcha_0997.png,A5365
captcha_0998.png,P6347
captcha_0999.png,B3298
captcha_1000.png,V584
captcha_1001.png,L8917
captcha_1002.png,X2527
captcha_1003.png,Y7452
captcha_1004.png,Y9788
captcha_1005.png,A2217
captcha_1006.png,Z2927
captcha_1007.png,C6402
captcha_1008.png,W8786
captcha_1009.png,L1242
captcha_1010.png,P591
captcha_1011.png,L8618
captcha_1012.png,B2161
captcha_1013.png,G3396
captcha_1014.png,T7321
captcha_1015.png,U5965
captcha_1016.png,Z8413
captcha_1017.png,Y2093
captcha_1018.png,U1936
captcha_1019.png,K8028
captcha_1020.png,E2057
captcha_1021.png,N7607
captcha_1022.png,J5020
captcha_1023.png,K9056
captcha_1024.png,Q3104
captcha_1025.png,S5349
captcha_1026.png,L3898
captcha_1027.png,S951
captcha_1028.png,L2482
captcha_1029.png,M7467
captcha_1030.png,F4302
captcha_1031.png,R3483
captcha_1032.png,L1026
captcha_1033.png,D9183
captcha_1034.png,T8023
captcha_1035.png,Z1731
captcha_1036.png,W2159
captcha_1037.png,J8007
captcha_1038.png,D7584
captcha_1039.png,H7248
captcha_1040.png,T7698
captcha_1041.png,A5524
captcha_1042.png,N4110
captcha_1043.png,S1770
captcha_1044.png,L5243
captcha_1045.png,Q9180
captcha_1046.png,Q1674
captcha_1047.png,K229
captcha_1048.png,N5814
captcha_1049.png,N720
captcha_1050.png,C8249
captcha_1051.png,C8392
captcha_1052.png,P6724
captcha_1053.png,Z7261
captcha_1054.png,Y8905
captcha_1055.png,S3381
captcha_1056.png,A167
captcha_1057.png,V1776
captcha_1058.png,F9475
captcha_1059.png,E1465
captcha_1060.png,A8968
captcha_1061.png,Y8571
captcha_1062.png,M8373
captcha_1063.png,V5695
captcha_1064.png,V8031
captcha_1065.png,K8190
captcha_1066.png,P236
captcha_1067.png,F7221
captcha_1068.png,T1325
captcha_1069.png,V3351
captcha_1070.png,N4830
captcha_1071.png,N6060
captcha_1072.png,V7622
captcha_1073.png,V7748
captcha_1074.png,Z1019
captcha_1075.png,X6698
captcha_1076.png,W4602
captcha_1077.png,T9432
captcha_1078.png,Z3856
captcha_1079.png,G2430
captcha_1080.png,X8430
captcha_1081.png,W1889
captcha_1082.png,K1489
captcha_1083.png,X5826
captcha_1084.png,U6845
captcha_1085.png,Z3412
captcha_1086.png,M7623
captcha_1087.png,A4238
captcha_1088.png,W5478
captcha_1089.png,L5677
captcha_1090.png,T1855
captcha_1091.png,B3140
captcha_1092.png,K2934
captcha_1093.png,Q1751
captcha_1094.png,E6762
captcha_1095.png,Y7572
captcha_1096.png,V7216
captcha_1097.png,U9755
captcha_1098.png,U5571
captcha_1099.png,L5167
captcha_1100.png,M7318
captcha_1101.png,L6538
captcha_1102.png,X9734
captcha_1103.png,Z3504
captcha_1104.png,Z2240
captcha_1105.png,E5800
captcha_1106.png,S16
captcha_1107.png,T2062
captcha_1108.png,C6449
captcha_1109.png,Q4705
captcha_1110.png,U3463
captcha_1111.png,T9017
captcha_1112.png,K2148
captcha_1113.png,V7871
captcha_1114.png,X6039
captcha_1115.png,A6752
captcha_1116.png,M7950
captcha_1117.png,Z9812
captcha_1118.png,F351
captcha_1119.png,L2797
captcha_1120.png,Q614
captcha_1121.png,C9957
captcha_1122.png,W9519
captcha_1123.png,F5635
captcha_1124.png,M8009
captcha_1125.png,H9888
captcha_1126.png,G9641
captcha_1127.png,V3620
captcha_1128.png,N8477
captcha_1129.png,M9908
captcha_1130.png,R3091
captcha_1131.png,Y5077
captcha_1132.png,N4015
captcha_1133.png,G5998
captcha_1134.png,S5361
captcha_1135.png,Z5101
captcha_1136.png,D6810
captcha_1137.png,M915
captcha_1138.png,E6339
captcha_1139.png,H7429
captcha_1140.png,Q2268
captcha_1141.png,A8411
captcha_1142.png,W5271
captcha_1143.png,R1730
captcha_1144.png,P8943
captcha_1145.png,T6260
captcha_1146.png,F2258
captcha_1147.png,F1199
captcha_1148.png,S882
captcha_1149.png,Z1982
captcha_1150.png,L3719
captcha_1151.png,C2403
captcha_1152.png,J8350
captcha_1153.png,Z693
captcha_1154.png,Z3037
captcha_1155.png,S1516
captcha_1156.png,L6271
captcha_1157.png,V460
captcha_1158.png,Q7250
captcha_1159.png,B9656
captcha_1160.png,R5414
captcha_1161.png,H5106
captcha_1162.png,W350
captcha_1163.png,Y1888
captcha_1164.png,R9066
captcha_1165.png,R7881
captcha_1166.png,G2149
captcha_1167.png,F7895
captcha_1168.png,H7885
captcha_1169.png,V4998
captcha_1170.png,M389
captcha_1171.png,V2600
captcha_1172.png,Z6989
captcha_1173.png,Z9466
captcha_1174.png,H6522
captcha_1175.png,D3773
captcha_1176.png,F277
captcha_1177.png,R3254
captcha_1178.png,A1775
captcha_1179.png,N6368
captcha_1180.png,V1895
captcha_1181.png,D7074
captcha_1182.png,G3966
captcha_1183.png,M2611
captcha_1184.png,Y2345
captcha_1185.png,H6223
captcha_1186.png,R861
captcha_1187.png,E6369
captcha_1188.png,L2881
captcha_1189.png,N273
captcha_1190.png,F4103
captcha_1191.png,X7109
captcha_1192.png,B1550
captcha_1193.png,V5968
captcha_1194.png,H9413
captcha_1195.png,S2376
captcha_1196.png,S508
captcha_1197.png,M5005
captcha_1198.png,N9362
captcha_1199.png,K2126
captcha_1200.png,W4005
captcha_1201.png,R1949
captcha_1202.png,L1613
captcha_1203.png,A215
captcha_1204.png,D6544
captcha_1205.png,M7371
captcha_1206.png,M6889
captcha_1207.png,F468
captcha_1208.png,X4032
captcha_1209.png,B1614
captcha_1210.png,D6117
captcha_1211.png,Z9514
captcha_1212.png,K8527
captcha_1213.png,M2773
captcha_1214.png,Z5794
captcha_1215.png,A5030
captcha_1216.png,A9746
captcha_1217.png,H8969
captcha_1218.png,Y8703
captcha_1219.png,A2621
captcha_1220.png,R1592
captcha_1221.png,F6598
captcha_1222.png,Z8454
captcha_1223.png,B4767
captcha_1224.png,U6654
captcha_1225.png,W7411
captcha_1226.png,C3269
captcha_1227.png,Y7875
captcha_1228.png,N9321
captcha_1229.png,J6923
captcha_1230.png,L9873
captcha_1231.png,S4593
captcha_1232.png,S9629
captcha_1233.png,A9641
captcha_1234.png,G4731
captcha_1235.png,P7287
captcha_1236.png,Z3740
captcha_1237.png,D2419
captcha_1238.png,Q4697
captcha_1239.png,E1120
captcha_1240.png,Q6397
captcha_1241.png,Y6245
captcha_1242.png,X4189
captcha_1243.png,R1091
captcha_1244.png,R1801
captcha_1245.png,N522
captcha_1246.png,H152
captcha_1247.png,F6968
captcha_1248.png,D3590
captcha_1249.png,R4805
captcha_1250.png,T9998
captcha_1251.png,Y3355
captcha_1252.png,T4275
captcha_1253.png,L2184
captcha_1254.png,N1243
captcha_1255.png,U5061
captcha_1256.png,A9914
captcha_1257.png,Z3626
captcha_1258.png,J6500
captcha_1259.png,H3959
captcha_1260.png,S7724
captcha_1261.png,D210
captcha_1262.png,L7362
captcha_1263.png,X9544
captcha_1264.png,M8745
captcha_1265.png,C6992
captcha_1266.png,A4940
captcha_1267.png,G8335
captcha_1268.png,K7098
captcha_1269.png,R2974
captcha_1270.png,R2919
captcha_1271.png,Y9846
captcha_1272.png,P8014
captcha_1273.png,D4419
captcha_1274.png,P8871
captcha_1275.png,U1149
captcha_1276.png,H6747
captcha_1277.png,A8755
captcha_1278.png,Z1036
captcha_1279.png,A8108
captcha_1280.png,L6051
captcha_1281.png,B6491
captcha_1282.png,M8442
captcha_1283.png,N4076
captcha_1284.png,U2552
captcha_1285.png,P8023
captcha_1286.png,Z5736
captcha_1287.png,U3298
captcha_1288.png,G4616
captcha_1289.png,C800
captcha_1290.png,R5221
captcha_1291.png,K9637
captcha_1292.png,Q493
captcha_1293.png,B3628
captcha_1294.png,W4279
captcha_1295.png,T7867
captcha_1296.png,Z6713
captcha_1297.png,S9936
captcha_1298.png,T4289
captcha_1299.png,U269
captcha_1300.png,M7242
captcha_1301.png,F494
captcha_1302.png,X8632
captcha_1303.png,D1358
captcha_1304.png,U868
captcha_1305.png,R8542
captcha_1306.png,R5231
captcha_1307.png,V1712
captcha_1308.png,R4430
captcha_1309.png,N9659
captcha_1310.png,L2387
captcha_1311.png,N616
captcha_1312.png,G2652
captcha_1313.png,E4809
captcha_1314.png,B5343
captcha_1315.png,T902
captcha_1316.png,Z4585
captcha_1317.png,A23
captcha_1318.png,W4946
captcha_1319.png,N800
captcha_1320.png,K8115
captcha_1321.png,C3246
captcha_1322.png,Z4823
captcha_1323.png,U4827
captcha_1324.png,N6671
captcha_1325.png,V6393
captcha_1326.png,P8826
captcha_1327.png,P9867
captcha_1328.png,P5754
captcha_1329.png,Z1618
captcha_1330.png,T6222
captcha_1331.png,A9056
captcha_1332.png,N865
captcha_1333.png,P1298
captcha_1334.png,Z4615
captcha_1335.png,W2942
captcha_1336.png,T9820
captcha_1337.png,Q8569
captcha_1338.png,W5374
captcha_1339.png,C9161
captcha_1340.png,F2039
captcha_1341.png,N9449
captcha_1342.png,F535
captcha_1343.png,X8099
captcha_1344.png,U8685
captcha_1345.png,K1125
captcha_1346.png,Q2323
captcha_1347.png,Z445
captcha_1348.png,Z4645
captcha_1349.png,S9015
captcha_1350.png,Y5049
captcha_1351.png,N8670
captcha_1352.png,F5977
captcha_1353.png,X9693
captcha_1354.png,D9726
captcha_1355.png,W4285
captcha_1356.png,X3185
captcha_1357.png,T2286
captcha_1358.png,C3384
captcha_1359.png,T7919
captcha_1360.png,J9775
captcha_1361.png,K1312
captcha_1362.png,R9333
captcha_1363.png,T6078
captcha_1364.png,N2717
captcha_1365.png,B981
captcha_1366.png,M5999
captcha_1367.png,D9702
captcha_1368.png,X8475
captcha_1369.png,E9863
captcha_1370.png,U7043
captcha_1371.png,J4461
captcha_1372.png,L7438
captcha_1373.png,R2176
captcha_1374.png,A1135
captcha_1375.png,R1466
captcha_1376.png,B8945
captcha_1377.png,Q8365
captcha_1378.png,D4725
captcha_1379.png,E6201
captcha_1380.png,D9203
captcha_1381.png,C3746
captcha_1382.png,E6519
captcha_1383.png,E5956
captcha_1384.png,D4103
captcha_1385.png,B2080
captcha_1386.png,G2233
captcha_1387.png,S7088
captcha_1388.png,A8816
captcha_1389.png,W4425
captcha_1390.png,K2152
captcha_1391.png,N1821
captcha_1392.png,A2500
captcha_1393.png,H8712
captcha_1394.png,M983
captcha_1395.png,W1065
captcha_1396.png,L5583
captcha_1397.png,C7726
captcha_1398.png,B2194
captcha_1399.png,S5138
captcha_1400.png,F5556
captcha_1401.png,F6887
captcha_1402.png,J4543
captcha_1403.png,X736
captcha_1404.png,K1948
captcha_1405.png,A6848
captcha_1406.png,S6315
captcha_1407.png,T2838
captcha_1408.png,L9905
captcha_1409.png,Y2998
captcha_1410.png,D4577
captcha_1411.png,Y915
captcha_1412.png,C5050
captcha_1413.png,P7071
captcha_1414.png,A2342
captcha_1415.png,Z3277
captcha_1416.png,N1232
captcha_1417.png,J625
captcha_1418.png,X6317
captcha_1419.png,W5511
captcha_1420.png,J4396
captcha_1421.png,S3899
captcha_1422.png,C8744
captcha_1423.png,F3229
captcha_1424.png,U8969
captcha_1425.png,G7567
captcha_1426.png,S2034
captcha_1427.png,M6713
captcha_1428.png,W432
captcha_1429.png,T7965
captcha_1430.png,G2796
captcha_1431.png,U5243
captcha_1432.png,S4644
captcha_1433.png,W3133
captcha_1434.png,U1622
captcha_1435.png,P4666
captcha_1436.png,E869
captcha_1437.png,B1455
captcha_1438.png,H2323
captcha_1439.png,J9839
captcha_1440.png,H8017
captcha_1441.png,L4155
captcha_1442.png,H2305
captcha_1443.png,R4999
captcha_1444.png,M4505
captcha_1445.png,D6780
captcha_1446.png,A5561
captcha_1447.png,A3651
captcha_1448.png,B7323
captcha_1449.png,V5424
captcha_1450.png,Y1919
captcha_1451.png,K3428
captcha_1452.png,B3023
captcha_1453.png,Q8466
captcha_1454.png,H8513
captcha_1455.png,J3375
captcha_1456.png,B123
captcha_1457.png,Y3446
captcha_1458.png,U5963
captcha_1459.png,H9495
captcha_1460.png,Z6991
captcha_1461.png,F7529
captcha_1462.png,H2391
captcha_1463.png,E8202
captcha_1464.png,M2325
captcha_1465.png,S3719
captcha_1466.png,C1099
captcha_1467.png,Q8435
captcha_1468.png,C9215
captcha_1469.png,J1773
captcha_1470.png,A4323
captcha_1471.png,X720
captcha_1472.png,N4045
captcha_1473.png,C6583
captcha_1474.png,G6212
captcha_1475.png,L1216
captcha_1476.png,N7587
captcha_1477.png,U6974
captcha_1478.png,U446
captcha_1479.png,V3753
captcha_1480.png,F9181
captcha_1481.png,H1731
captcha_1482.png,T9763
captcha_1483.png,Y2410
captcha_1484.png,S4617
captcha_1485.png,F3929
captcha_1486.png,Z6504
captcha_1487.png,E7520
captcha_1488.png,F3257
captcha_1489.png,K543
captcha_1490.png,Q2411
captcha_1491.png,W7851
captcha_1492.png,V596
captcha_1493.png,Z7907
captcha_1494.png,M4624
captcha_1495.png,D8199
captcha_1496.png,P2852
captcha_1497.png,J8279
captcha_1498.png,B9532
captcha_1499.png,A9874
captcha_1500.png,Y502
captcha_1501.png,K9707
captcha_1502.png,W5518
captcha_1503.png,D1879
captcha_1504.png,B4574
captcha_1505.png,R2332
captcha_1506.png,M2074
captcha_1507.png,L8343
captcha_1508.png,S915
captcha_1509.png,G5084
captcha_1510.png,H4823
captcha_1511.png,M5337
captcha_1512.png,P5937
captcha_1513.png,U752
captcha_1514.png,U8820
captcha_1515.png,D2867
captcha_1516.png,S3478
captcha_1517.png,A5570
captcha_1518.png,S863
captcha_1519.png,Z2066
captcha_1520.png,N6633
captcha_1521.png,P1581
captcha_1522.png,J2662
captcha_1523.png,U7355
captcha_1524.png,C3842
captcha_1525.png,C3018
captcha_1526.png,Q3379
captcha_1527.png,T609
captcha_1528.png,Q7266
captcha_1529.png,Z9348
captcha_1530.png,B7513
captcha_1531.png,G6550
captcha_1532.png,B8541
captcha_1533.png,F9620
captcha_1534.png,C291
captcha_1535.png,Y9075
captcha_1536.png,S6627
captcha_1537.png,V365
captcha_1538.png,H2826
captcha_1539.png,Q2749
captcha_1540.png,U7050
captcha_1541.png,D6782
captcha_1542.png,L6693
captcha_1543.png,D745
captcha_1544.png,C3708
captcha_1545.png,Z1503
captcha_1546.png,V2264
captcha_1547.png,B919
captcha_1548.png,E2303
captcha_1549.png,B5398
captcha_1550.png,H392
captcha_1551.png,M9633
captcha_1552.png,U4484
captcha_1553.png,G9872
captcha_1554.png,E2367
captcha_1555.png,Y4996
captcha_1556.png,U9547
captcha_1557.png,H5817
captcha_1558.png,Q5514
captcha_1559.png,R7163
captcha_1560.png,M5338
captcha_1561.png,V6413
captcha_1562.png,T1062
captcha_1563.png,Q1998
captcha_1564.png,E1886
captcha_1565.png,L8523
captcha_1566.png,Y5944
captcha_1567.png,K5743
captcha_1568.png,A8322
captcha_1569.png,R2995
captcha_1570.png,Q6356
captcha_1571.png,S1352
captcha_1572.png,Y712
captcha_1573.png,X2266
captcha_1574.png,L1246
captcha_1575.png,T7816
captcha_1576.png,Q993
captcha_1577.png,U6302
captcha_1578.png,Y1091
captcha_1579.png,B8993
captcha_1580.png,X4297
captcha_1581.png,P931
captcha_1582.png,E9108
captcha_1583.png,Q9842
captcha_1584.png,D2889
captcha_1585.png,K8261
captcha_1586.png,X4885
captcha_1587.png,E5331
captcha_1588.png,E386
captcha_1589.png,G5471
captcha_1590.png,M3691
captcha_1591.png,M5775
captcha_1592.png,A9703
captcha_1593.png,V6712
captcha_1594.png,T2514
captcha_1595.png,D3676
captcha_1596.png,M2655
captcha_1597.png,M9177
captcha_1598.png,H6166
captcha_1599.png,X5034
captcha_1600.png,S3683
captcha_1601.png,G7082
captcha_1602.png,K2744
captcha_1603.png,D9719
captcha_1604.png,B5074
captcha_1605.png,U1539
captcha_1606.png,Z6316
captcha_1607.png,J1233
captcha_1608.png,G1358
captcha_1609.png,K8136
captcha_1610.png,W7877
captcha_1611.png,K5814
captcha_1612.png,L847
captcha_1613.png,J5090
captcha_1614.png,V7955
captcha_1615.png,E6904
captcha_1616.png,H5731
captcha_1617.png,E2661
captcha_1618.png,K4987
captcha_1619.png,S4899
captcha_1620.png,G4200
captcha_1621.png,J1436
captcha_1622.png,G5832
captcha_1623.png,D8329
captcha_1624.png,Y6015
captcha_1625.png,Z5111
captcha_1626.png,V7682
captcha_1627.png,F4175
captcha_1628.png,G5180
captcha_1629.png,X9331
captcha_1630.png,M6899
captcha_1631.png,E8748
captcha_1632.png,K7600
captcha_1633.png,F6051
captcha_1634.png,S5882
captcha_1635.png,W3054
captcha_1636.png,D7260
captcha_1637.png,H6893
captcha_1638.png,K356
captcha_1639.png,A618
captcha_1640.png,J6052
captcha_1641.png,Y4406
captcha_1642.png,A1659
captcha_1643.png,G993
captcha_1644.png,M1870
captcha_1645.png,K7153
captcha_1646.png,P4274
captcha_1647.png,R7883
captcha_1648.png,F8008
captcha_1649.png,J9181
captcha_1650.png,Z7285
captcha_1651.png,T1737
captcha_1652.png,J3496
captcha_1653.png,B9606
captcha_1654.png,C5130
captcha_1655.png,S4188
captcha_1656.png,X6893
captcha_1657.png,S1295
captcha_1658.png,H9929
captcha_1659.png,G4082
captcha_1660.png,L6296
captcha_1661.png,F1606
captcha_1662.png,Y3794
captcha_1663.png,U5877
captcha_1664.png,P4643
captcha_1665.png,N9660
captcha_1666.png,T4864
captcha_1667.png,R7780
captcha_1668.png,N3022
captcha_1669.png,N1125
captcha_1670.png,E6166
captcha_1671.png,R9017
captcha_1672.png,E429
captcha_1673.png,L2325
captcha_1674.png,J2793
captcha_1675.png,N1751
captcha_1676.png,H8434
captcha_1677.png,F3542
captcha_1678.png,V7846
captcha_1679.png,N5378
captcha_1680.png,C1738
captcha_1681.png,L481
captcha_1682.png,J3375
captcha_1683.png,C2157
captcha_1684.png,B1923
captcha_1685.png,A2881
captcha_1686.png,B4962
captcha_1687.png,E1662
captcha_1688.png,L7878
captcha_1689.png,D358
captcha_1690.png,P1883
captcha_1691.png,N626
captcha_1692.png,C9346
captcha_1693.png,C1141
captcha_1694.png,F3962
captcha_1695.png,K4206
captcha_1696.png,G5307
captcha_1697.png,Q9487
captcha_1698.png,L124
captcha_1699.png,D2888
captcha_1700.png,W8288
captcha_1701.png,P8195
captcha_1702.png,B9534
captcha_1703.png,U4481
captcha_1704.png,Q6389
captcha_1705.png,Y7765
captcha_1706.png,L2376
captcha_1707.png,G369
captcha_1708.png,C3395
captcha_1709.png,H6581
captcha_1710.png,W6887
captcha_1711.png,L6700
captcha_1712.png,Y2356
captcha_1713.png,Q9067
captcha_1714.png,V9916
captcha_1715.png,J3242
captcha_1716.png,H8503
captcha_1717.png,H2413
captcha_1718.png,E7917
captcha_1719.png,A976
captcha_1720.png,Y2184
captcha_1721.png,S3675
captcha_1722.png,L8318
captcha_1723.png,A6706
captcha_1724.png,X2461
captcha_1725.png,U9791
captcha_1726.png,L6360
captcha_1727.png,T1427
captcha_1728.png,C2049
captcha_1729.png,C3430
captcha_1730.png,J7240
captcha_1731.png,P229
captcha_1732.png,P5472
captcha_1733.png,N2063
captcha_1734.png,X4455
captcha_1735.png,W5798
captcha_1736.png,D6063
captcha_1737.png,Y616
captcha_1738.png,P5603
captcha_1739.png,Z4186
captcha_1740.png,D1569
captcha_1741.png,U5819
captcha_1742.png,T4636
captcha_1743.png,D3093
captcha_1744.png,H2744
captcha_1745.png,D5496
captcha_1746.png,N1213
captcha_1747.png,V1236
captcha_1748.png,T1070
captcha_1749.png,V5033
captcha_1750.png,Y5390
captcha_1751.png,T9754
captcha_1752.png,H4249
captcha_1753.png,J4085
captcha_1754.png,L709
captcha_1755.png,F975
captcha_1756.png,W5817
captcha_1757.png,Z1021
captcha_1758.png,B6381
captcha_1759.png,L4320
captcha_1760.png,A661
captcha_1761.png,M4304
captcha_1762.png,R9659
captcha_1763.png,M3560
captcha_1764.png,U1923
captcha_1765.png,Z7811
captcha_1766.png,G9007
captcha_1767.png,M3791
captcha_1768.png,J8653
captcha_1769.png,M8412
captcha_1770.png,N4642
captcha_1771.png,U5691
captcha_1772.png,E661
captcha_1773.png,G6938
captcha_1774.png,J6472
captcha_1775.png,M4058
captcha_1776.png,N2475
captcha_1777.png,R1942
captcha_1778.png,H10
captcha_1779.png,W9608
captcha_1780.png,C7279
captcha_1781.png,N5902
captcha_1782.png,H7433
captcha_1783.png,J2900
captcha_1784.png,E1325
captcha_1785.png,R877
captcha_1786.png,G8417
captcha_1787.png,U9501
captcha_1788.png,N6225
captcha_1789.png,W3404
captcha_1790.png,Q2712
captcha_1791.png,R3376
captcha_1792.png,X9014
captcha_1793.png,Y741
captcha_1794.png,C4221
captcha_1795.png,N9347
captcha_1796.png,U605
captcha_1797.png,W1763
captcha_1798.png,E9580
captcha_1799.png,U8649
captcha_1800.png,T3557
captcha_1801.png,B3259
captcha_1802.png,H1612
captcha_1803.png,G7614
captcha_1804.png,Y3294
captcha_1805.png,S3375
captcha_1806.png,C2279
captcha_1807.png,D2846
captcha_1808.png,V1550
captcha_1809.png,U4748
captcha_1810.png,J2397
captcha_1811.png,J2021
captcha_1812.png,E8786
captcha_1813.png,R8400
captcha_1814.png,E8062
captcha_1815.png,K6555
captcha_1816.png,X5296
captcha_1817.png,T7117
captcha_1818.png,E8671
captcha_1819.png,G9914
captcha_1820.png,Y7789
captcha_1821.png,B5365
captcha_1822.png,E2424
captcha_1823.png,Y8351
captcha_1824.png,X316
captcha_1825.png,H7396
captcha_1826.png,B3426
captcha_1827.png,W5258
captcha_1828.png,C2555
captcha_1829.png,K1762
captcha_1830.png,Q4539
captcha_1831.png,P7535
captcha_1832.png,L8385
captcha_1833.png,U103
captcha_1834.png,W9572
captcha_1835.png,C9418
captcha_1836.png,Z1952
captcha_1837.png,Q8279
captcha_1838.png,T3472
captcha_1839.png,Z7019
captcha_1840.png,N5322
captcha_1841.png,X6159
captcha_1842.png,J5321
captcha_1843.png,B3462
captcha_1844.png,U2080
captcha_1845.png,C8384
captcha_1846.png,U4072
captcha_1847.png,T8373
captcha_1848.png,U5451
captcha_1849.png,N597
captcha_1850.png,S8521
captcha_1851.png,J2608
captcha_1852.png,A1007
captcha_1853.png,Z4999
captcha_1854.png,S8497
captcha_1855.png,U3790
captcha_1856.png,S427
captcha_1857.png,F6578
captcha_1858.png,K1746
captcha_1859.png,Q5827
captcha_1860.png,F2244
captcha_1861.png,Y9208
captcha_1862.png,H9782
captcha_1863.png,S6461
captcha_1864.png,R5828
captcha_1865.png,V682
captcha_1866.png,U5604
captcha_1867.png,E5878
captcha_1868.png,M2404
captcha_1869.png,K4518
captcha_1870.png,A6485
captcha_1871.png,W6151
captcha_1872.png,A3728
captcha_1873.png,D535
captcha_1874.png,Z9592
captcha_1875.png,S2439
captcha_1876.png,G6491
captcha_1877.png,K254
captcha_1878.png,R3767
captcha_1879.png,B7755
captcha_1880.png,W7249
captcha_1881.png,B9150
captcha_1882.png,C2168
captcha_1883.png,W3260
captcha_1884.png,L7375
captcha_1885.png,P509
captcha_1886.png,L8503
captcha_1887.png,L5038
captcha_1888.png,C3664
captcha_1889.png,Z5320
captcha_1890.png,W7205
captcha_1891.png,S4718
captcha_1892.png,F933
captcha_1893.png,R1528
captcha_1894.png,Z4291
captcha_1895.png,F6158
captcha_1896.png,V81
captcha_1897.png,T7696
captcha_1898.png,W9928
captcha_1899.png,F6451
captcha_1900.png,P1354
captcha_1901.png,T2228
captcha_1902.png,N9098
captcha_1903.png,G4544
captcha_1904.png,D3908
captcha_1905.png,V2782
captcha_1906.png,F5265
captcha_1907.png,C78
captcha_1908.png,P9742
captcha_1909.png,V6110
captcha_1910.png,P9971
captcha_1911.png,U7149
captcha_1912.png,H8904
captcha_1913.png,F3711
captcha_1914.png,T549
captcha_1915.png,D1938
captcha_1916.png,R3183
captcha_1917.png,F8875
captcha_1918.png,L2250
captcha_1919.png,D8984
captcha_1920.png,Z6532
captcha_1921.png,M8693
captcha_1922.png,H2689
captcha_1923.png,L2075
captcha_1924.png,S1753
captcha_1925.png,C5420
captcha_1926.png,N3096
captcha_1927.png,C5671
captcha_1928.png,B961
captcha_1929.png,G4478
captcha_1930.png,M5077
captcha_1931.png,N3243
captcha_1932.png,K1185
captcha_1933.png,G6086
captcha_1934.png,Q9388
captcha_1935.png,X1401
captcha_1936.png,Q9717
captcha_1937.png,S5908
captcha_1938.png,H2405
captcha_1939.png,V3153
captcha_1940.png,E1084
captcha_1941.png,H777
captcha_1942.png,T5422
captcha_1943.png,C5580
captcha_1944.png,U2565
captcha_1945.png,H9234
captcha_1946.png,U5718
captcha_1947.png,D8496
captcha_1948.png,G2442
captcha_1949.png,Y759
captcha_1950.png,L8770
captcha_1951.png,L9222
captcha_1952.png,C1047
captcha_1953.png,S2564
captcha_1954.png,E8354
captcha_1955.png,D131
captcha_1956.png,E1748
captcha_1957.png,W6806
captcha_1958.png,P8461
captcha_1959.png,W2643
captcha_1960.png,G7909
captcha_1961.png,F602
captcha_1962.png,D1565
captcha_1963.png,Y2009
captcha_1964.png,U4924
captcha_1965.png,V3398
captcha_1966.png,J4363
captcha_1967.png,U7449
captcha_1968.png,D2365
captcha_1969.png,H7901
captcha_1970.png,E7879
captcha_1971.png,E2814
captcha_1972.png,G6953
captcha_1973.png,K9207
captcha_1974.png,S2558
captcha_1975.png,L1263
captcha_1976.png,N5778
captcha_1977.png,A5075
captcha_1978.png,G3842
captcha_1979.png,X6675
captcha_1980.png,V1468
captcha_1981.png,X5682
captcha_1982.png,D3055
captcha_1983.png,H4235
captcha_1984.png,K8271
captcha_1985.png,F6056
captcha_1986.png,Z8852
captcha_1987.png,N4699
captcha_1988.png,Y9398
captcha_1989.png,V6639
captcha_1990.png,Q6047
captcha_1991.png,K570
captcha_1992.png,U5728
captcha_1993.png,M3470
captcha_1994.png,B9977
captcha_1995.png,J7938
captcha_1996.png,R568
captcha_1997.png,K7762
captcha_1998.png,Q5476
captcha_1999.png,V708
captcha_2000.png,F4327
captcha_2001.png,G7299
captcha_2002.png,Q3327
captcha_2003.png,L4080
captcha_2004.png,E4362
captcha_2005.png,W1734
captcha_2006.png,J8200
captcha_2007.png,H944
captcha_2008.png,B1982
captcha_2009.png,C82
captcha_2010.png,U1721
captcha_2011.png,S1883
captcha_2012.png,T8964
captcha_2013.png,Q6865
captcha_2014.png,B4627
captcha_2015.png,J7408
captcha_2016.png,R9763
captcha_2017.png,L8958
captcha_2018.png,A9357
captcha_2019.png,E2633
captcha_2020.png,P1333
captcha_2021.png,H3566
captcha_2022.png,L5160
captcha_2023.png,S9592
captcha_2024.png,N3771
captcha_2025.png,G3838
captcha_2026.png,U6814
captcha_2027.png,Y4695
captcha_2028.png,M4889
captcha_2029.png,Q9084
captcha_2030.png,C4706
captcha_2031.png,X1032
captcha_2032.png,U9422
captcha_2033.png,M2611
captcha_2034.png,U9210
captcha_2035.png,N4294
captcha_2036.png,F6618
captcha_2037.png,Q7600
captcha_2038.png,Z4871
captcha_2039.png,X1527
captcha_2040.png,U1414
captcha_2041.png,T3751
captcha_2042.png,J9947
captcha_2043.png,G8190
captcha_2044.png,J7411
captcha_2045.png,V8197
captcha_2046.png,W238
captcha_2047.png,D9055
captcha_2048.png,F7360
captcha_2049.png,‘Y610
captcha_2050.png,X9755
captcha_2051.png,B3048
captcha_2052.png,E7692
captcha_2053.png,B3921
captcha_2054.png,P2038
captcha_2055.png,V547
captcha_2056.png,A390
captcha_2057.png,S7393
captcha_2058.png,K4815
captcha_2059.png,A7875
captcha_2060.png,V9754
captcha_2061.png,V277
captcha_2062.png,D1201
captcha_2063.png,T7631
captcha_2064.png,S9844
captcha_2065.png,Z3507
captcha_2066.png,K5103
captcha_2067.png,B6465
captcha_2068.png,E3970
captcha_2069.png,T7283
captcha_2070.png,S3513
captcha_2071.png,H2251
captcha_2072.png,G3866
captcha_2073.png,N6639
captcha_2074.png,G3697
captcha_2075.png,R759
captcha_2076.png,K4298
captcha_2077.png,Y3598
captcha_2078.png,X1897
captcha_2079.png,U5635
captcha_2080.png,Y9271
captcha_2081.png,N747
captcha_2082.png,Y7882
captcha_2083.png,W6098
captcha_2084.png,E3288
captcha_2085.png,J5305
captcha_2086.png,L4868
captcha_2087.png,V992
captcha_2088.png,W9151
captcha_2089.png,G602
captcha_2090.png,Z3838
captcha_2091.png,D8280
captcha_2092.png,C5839
captcha_2093.png,C4389
captcha_2094.png,T1739
captcha_2095.png,R4889
captcha_2096.png,D9634
captcha_2097.png,Z8630
captcha_2098.png,N5933
captcha_2099.png,Y6986
captcha_2100.png,T885
captcha_2101.png,W9564
captcha_2102.png,M7986
captcha_2103.png,F9859
captcha_2104.png,Y9792
captcha_2105.png,R8902
captcha_2106.png,B3056
captcha_2107.png,P2558
captcha_2108.png,J8850
captcha_2109.png,M9096
captcha_2110.png,Q3485
captcha_2111.png,H5796
captcha_2112.png,H5237
captcha_2113.png,K6028
captcha_2114.png,C2999
captcha_2115.png,M2243
captcha_2116.png,N9022
captcha_2117.png,Q1184
captcha_2118.png,B2593
captcha_2119.png,H8998
captcha_2120.png,S8363
captcha_2121.png,F4574
captcha_2122.png,M5287
captcha_2123.png,X6064
captcha_2124.png,L1377
captcha_2125.png,A1033
captcha_2126.png,H9868
captcha_2127.png,R258
captcha_2128.png,U6086
captcha_2129.png,F2159
captcha_2130.png,E2638
captcha_2131.png,Q9919
captcha_2132.png,U9563
captcha_2133.png,V5734
captcha_2134.png,G4143
captcha_2135.png,Y1670
captcha_2136.png,M8153
captcha_2137.png,D6498
captcha_2138.png,K5393
captcha_2139.png,M4422
captcha_2140.png,W5248
captcha_2141.png,G2447
captcha_2142.png,D8579
captcha_2143.png,T8110
captcha_2144.png,R1107
captcha_2145.png,Z8140
captcha_2146.png,Y72
captcha_2147.png,U7818
captcha_2148.png,N1638
captcha_2149.png,R7009
captcha_2150.png,X7112
captcha_2151.png,Y8453
captcha_2152.png,K9566
captcha_2153.png,W134
captcha_2154.png,J7993
captcha_2155.png,P1362
captcha_2156.png,S9229
captcha_2157.png,D4889
captcha_2158.png,D2565
captcha_2159.png,L1736
captcha_2160.png,P9890
captcha_2161.png,S2166
captcha_2162.png,A1135
captcha_2163.png,C8081
captcha_2164.png,N8582
captcha_2165.png,A7147
captcha_2166.png,V6031
captcha_2167.png,U6244
captcha_2168.png,P9823
captcha_2169.png,J3589
captcha_2170.png,E2756
captcha_2171.png,S2766
captcha_2172.png,Q4802
captcha_2173.png,Z7813
captcha_2174.png,K421
captcha_2175.png,W4119
captcha_2176.png,M4415
captcha_2177.png,T8475
captcha_2178.png,Z2555
captcha_2179.png,V9233
captcha_2180.png,A4405
captcha_2181.png,X8482
captcha_2182.png,S1068
captcha_2183.png,P3868
captcha_2184.png,K6498
captcha_2185.png,R6128
captcha_2186.png,P530
captcha_2187.png,S1207
captcha_2188.png,K7689
captcha_2189.png,U2232
captcha_2190.png,V7835
captcha_2191.png,B1937
captcha_2192.png,T8552
captcha_2193.png,R9559
captcha_2194.png,G6195
captcha_2195.png,X5043
captcha_2196.png,S8539
captcha_2197.png,Y3473
captcha_2198.png,R6971
captcha_2199.png,S6887
captcha_2200.png,L2946
captcha_2201.png,C7973
captcha_2202.png,B8733
captcha_2203.png,X4669
captcha_2204.png,C8516
captcha_2205.png,C5784
captcha_2206.png,F1950
captcha_2207.png,J4326
captcha_2208.png,X6986
captcha_2209.png,A2275
captcha_2210.png,Y1140
captcha_2211.png,J3850
captcha_2212.png,G5009
captcha_2213.png,X8739
captcha_2214.png,R8116
captcha_2215.png,K2446
captcha_2216.png,G864
captcha_2217.png,Z4090
captcha_2218.png,L6816
captcha_2219.png,Q1077
captcha_2220.png,G99
captcha_2221.png,Q8869
captcha_2222.png,S7554
captcha_2223.png,J2896
captcha_2224.png,N4415
captcha_2225.png,T4665
captcha_2226.png,B7231
captcha_2227.png,L1564
captcha_2228.png,C4028
captcha_2229.png,Y5411
captcha_2230.png,S2874
captcha_2231.png,M7585
captcha_2232.png,G5669
captcha_2233.png,Q1817
captcha_2234.png,T7224
captcha_2235.png,J2096
captcha_2236.png,V8618
captcha_2237.png,C2488
captcha_2238.png,A917
captcha_2239.png,N2925
captcha_2240.png,T5135
captcha_2241.png,N2290
captcha_2242.png,N7268
captcha_2243.png,N9871
captcha_2244.png,Z2326
captcha_2245.png,C8339
captcha_2246.png,B3715
captcha_2247.png,P9299
captcha_2248.png,S2353
captcha_2249.png,P8422
captcha_2250.png,E3824
captcha_2251.png,V9843
captcha_2252.png,L278
captcha_2253.png,C5630
captcha_2254.png,L3715
captcha_2255.png,P4940
captcha_2256.png,Q6404
captcha_2257.png,J9415
captcha_2258.png,S2033
captcha_2259.png,F1433
captcha_2260.png,E7250
captcha_2261.png,S8995
captcha_2262.png,M8569
captcha_2263.png,L5491
captcha_2264.png,U4208
captcha_2265.png,H4042
captcha_2266.png,M776
captcha_2267.png,N5224
captcha_2268.png,M5205
captcha_2269.png,W8794
captcha_2270.png,C6380
captcha_2271.png,V6713
captcha_2272.png,X7247
captcha_2273.png,G8697
captcha_2274.png,M3786
captcha_2275.png,C1028
captcha_2276.png,Q8248
captcha_2277.png,V8164
captcha_2278.png,X9416
captcha_2279.png,Y8711
captcha_2280.png,M3962
captcha_2281.png,W6245
captcha_2282.png,J8821
captcha_2283.png,G7376
captcha_2284.png,C5422
captcha_2285.png,X3630
captcha_2286.png,W6083
captcha_2287.png,Z7796
captcha_2288.png,P6488
captcha_2289.png,Z6026
captcha_2290.png,T3658
captcha_2291.png,E7440
captcha_2292.png,Z7506
captcha_2293.png,W2032
captcha_2294.png,D8670
captcha_2295.png,Q6185
captcha_2296.png,X7449
captcha_2297.png,Y1402
captcha_2298.png,M287
captcha_2299.png,X6496
captcha_2300.png,T779
captcha_2301.png,Y8765
captcha_2302.png,J7799
captcha_2303.png,D9425
captcha_2304.png,X6027
captcha_2305.png,N266
captcha_2306.png,M991
captcha_2307.png,M9666
captcha_2308.png,K2135
captcha_2309.png,L8263
captcha_2310.png,Z5027
captcha_2311.png,A8379
captcha_2312.png,P8678
captcha_2313.png,A3480
captcha_2314.png,W5788
captcha_2315.png,C4949
captcha_2316.png,D5235
captcha_2317.png,E7930
captcha_2318.png,Z5049
captcha_2319.png,M7681
captcha_2320.png,P4360
captcha_2321.png,Q1629
captcha_2322.png,W4258
captcha_2323.png,B2287
captcha_2324.png,E6084
captcha_2325.png,Q8450
captcha_2326.png,K9229
captcha_2327.png,J6997
captcha_2328.png,D8573
captcha_2329.png,Q436
captcha_2330.png,M3924
captcha_2331.png,W7052
captcha_2332.png,S6085
captcha_2333.png,Q1790
captcha_2334.png,S3308
captcha_2335.png,D9704
captcha_2336.png,F3752
captcha_2337.png,U5143
captcha_2338.png,W1206
captcha_2339.png,P6349
captcha_2340.png,N6677
captcha_2341.png,N2714
captcha_2342.png,W1197
captcha_2343.png,W9427
captcha_2344.png,R9134
captcha_2345.png,U5929
captcha_2346.png,T3461
captcha_2347.png,A9823
captcha_2348.png,Q385
captcha_2349.png,W2584
captcha_2350.png,H3462
captcha_2351.png,Z4312
captcha_2352.png,V5170
captcha_2353.png,A8114
captcha_2354.png,Y5774
captcha_2355.png,J8889
captcha_2356.png,V2670
captcha_2357.png,S6239
captcha_2358.png,P2930
captcha_2359.png,S788
captcha_2360.png,F3078
captcha_2361.png,F1797
captcha_2362.png,U7551
captcha_2363.png,Q4121
captcha_2364.png,G6391
captcha_2365.png,W9431
captcha_2366.png,F5460
captcha_2367.png,C8293
captcha_2368.png,U3397
captcha_2369.png,J5302
captcha_2370.png,Z9854
captcha_2371.png,L225
captcha_2372.png,X3238
captcha_2373.png,T4420
captcha_2374.png,Y8851
captcha_2375.png,E5495
captcha_2376.png,A9944
captcha_2377.png,Z4281
captcha_2378.png,H3684
captcha_2379.png,E909
captcha_2380.png,A6163
captcha_2381.png,Z573
captcha_2382.png,T3004
captcha_2383.png,D841
captcha_2384.png,Z8727
captcha_2385.png,D2315
captcha_2386.png,V2373
captcha_2387.png,M6062
captcha_2388.png,M5436
captcha_2389.png,H6969
captcha_2390.png,M5812
captcha_2391.png,F5991
captcha_2392.png,C4737
captcha_2393.png,G3829
captcha_2394.png,V1451
captcha_2395.png,C8178
captcha_2396.png,P3469
captcha_2397.png,H3746
captcha_2398.png,M9130
captcha_2399.png,E5448
captcha_2400.png,G6049
captcha_2401.png,F8378
captcha_2402.png,W5655
captcha_2403.png,F9868
captcha_2404.png,F743
captcha_2405.png,K1723
captcha_2406.png,C92
captcha_2407.png,D1772
captcha_2408.png,M9491
captcha_2409.png,L1574
captcha_2410.png,Z8679
captcha_2411.png,A7997
captcha_2412.png,W6735
captcha_2413.png,U1404
captcha_2414.png,L6335
captcha_2415.png,X547
captcha_2416.png,T3308
captcha_2417.png,N3445
captcha_2418.png,S3455
captcha_2419.png,M5922
captcha_2420.png,H2384
captcha_2421.png,S3173
captcha_2422.png,D3753
captcha_2423.png,N6934
captcha_2424.png,R7601
captcha_2425.png,E3053
captcha_2426.png,K6465
captcha_2427.png,M1993
captcha_2428.png,Z6563
captcha_2429.png,E7062
captcha_2430.png,R8361
captcha_2431.png,J1568
captcha_2432.png,N4160
captcha_2433.png,W8952
captcha_2434.png,X9702
captcha_2435.png,J3321
captcha_2436.png,V2367
captcha_2437.png,R1501
captcha_2438.png,Q9726
captcha_2439.png,G6716
captcha_2440.png,X3367
captcha_2441.png,G2652
captcha_2442.png,V3339
captcha_2443.png,K950
captcha_2444.png,Y7627
captcha_2445.png,U4097
captcha_2446.png,N6584
captcha_2447.png,A4111
captcha_2448.png,D6621
captcha_2449.png,E6323
captcha_2450.png,M4333
captcha_2451.png,K6051
captcha_2452.png,Z1525
captcha_2453.png,T5071
captcha_2454.png,L1594
captcha_2455.png,E2681
captcha_2456.png,B5542
captcha_2457.png,C9502
captcha_2458.png,T3982
captcha_2459.png,V8076
captcha_2460.png,E6213
captcha_2461.png,V9098
captcha_2462.png,E6883
captcha_2463.png,B6295
captcha_2464.png,G5477
captcha_2465.png,R9803
captcha_2466.png,X751
captcha_2467.png,K4656
captcha_2468.png,S3177
captcha_2469.png,T6033
captcha_2470.png,S9446
captcha_2471.png,U1696
captcha_2472.png,H4554
captcha_2473.png,P1936
captcha_2474.png,F266
captcha_2475.png,C8647
captcha_2476.png,C63
captcha_2477.png,A7032
captcha_2478.png,S3104
captcha_2479.png,G7421
captcha_2480.png,K290
captcha_2481.png,M6668
captcha_2482.png,T4384
captcha_2483.png,F4962
captcha_2484.png,H2851
captcha_2485.png,W4511
captcha_2486.png,B2544
captcha_2487.png,Q3537
captcha_2488.png,X6736
captcha_2489.png,C8351
captcha_2490.png,S4776
captcha_2491.png,C2544
captcha_2492.png,M6005
captcha_2493.png,S6714
captcha_2494.png,F3913
captcha_2495.png,Z4179
captcha_2496.png,L5669
captcha_2497.png,E660
captcha_2498.png,R7267
captcha_2499.png,N8102
captcha_2500.png,M4289
captcha_2501.png,F5735
captcha_2502.png,L9029
captcha_2503.png,V1732
captcha_2504.png,H850
captcha_2505.png,M7250
captcha_2506.png,V5677
captcha_2507.png,W8023
captcha_2508.png,J7194
captcha_2509.png,Z2636
captcha_2510.png,U1670
captcha_2511.png,Y594
captcha_2512.png,P6020
captcha_2513.png,X3577
captcha_2514.png,B9684
captcha_2515.png,X3371
captcha_2516.png,C6453
captcha_2517.png,U9228
captcha_2518.png,Q6014
captcha_2519.png,Y6210
captcha_2520.png,X10
captcha_2521.png,R3175
captcha_2522.png,Z6933
captcha_2523.png,U1907
captcha_2524.png,U7460
captcha_2525.png,G5545
captcha_2526.png,S45
captcha_2527.png,C6800
captcha_2528.png,E7828
captcha_2529.png,B2571
captcha_2530.png,Y6914
captcha_2531.png,L1637
captcha_2532.png,J7923
captcha_2533.png,J8065
captcha_2534.png,J4588
captcha_2535.png,A4246
captcha_2536.png,F1252
captcha_2537.png,L9554
captcha_2538.png,U3147
captcha_2539.png,E1172
captcha_2540.png,C6918
captcha_2541.png,K3164
captcha_2542.png,E5318
captcha_2543.png,X3427
captcha_2544.png,Z5892
captcha_2545.png,T3435
captcha_2546.png,Q1863
captcha_2547.png,G8228
captcha_2548.png,M8516
captcha_2549.png,U1625
captcha_2550.png,L4201
captcha_2551.png,B3698
captcha_2552.png,R6766
captcha_2553.png,L2883
captcha_2554.png,A6166
captcha_2555.png,R1380
captcha_2556.png,B3470
captcha_2557.png,J2344
captcha_2558.png,F5190
captcha_2559.png,B1241
captcha_2560.png,Z4983
captcha_2561.png,E5253
captcha_2562.png,Y4292
captcha_2563.png,W230
captcha_2564.png,L7726
captcha_2565.png,K3029
captcha_2566.png,V2303
captcha_2567.png,C1924
captcha_2568.png,U8O17
captcha_2569.png,S9238
captcha_2570.png,W5748
captcha_2571.png,U5860
captcha_2572.png,X8252
captcha_2573.png,M8964
captcha_2574.png,G117
captcha_2575.png,X3545
captcha_2576.png,J5348
captcha_2577.png,F431
captcha_2578.png,A8738
captcha_2579.png,E3977
captcha_2580.png,S7239
captcha_2581.png,G4666
captcha_2582.png,P2231
captcha_2583.png,S4906
captcha_2584.png,G8647
captcha_2585.png,S1273
captcha_2586.png,Y6043
captcha_2587.png,J1907
captcha_2588.png,J7592
captcha_2589.png,P6047
captcha_2590.png,C7566
captcha_2591.png,S6676
captcha_2592.png,T9881
captcha_2593.png,H8875
captcha_2594.png,T1360
captcha_2595.png,Z3929
captcha_2596.png,B1883
captcha_2597.png,E3470
captcha_2598.png,L547
captcha_2599.png,Z9724
captcha_2600.png,E7642
captcha_2601.png,Y5371
captcha_2602.png,V2792
captcha_2603.png,U2076
captcha_2604.png,Q6402
captcha_2605.png,J2283
captcha_2606.png,T1750
captcha_2607.png,H2926
captcha_2608.png,F7394
captcha_2609.png,N9596
captcha_2610.png,S7350
captcha_2611.png,R3690
captcha_2612.png,A9471
captcha_2613.png,M8235
captcha_2614.png,Q9297
captcha_2615.png,Q2508
captcha_2616.png,M5762
captcha_2617.png,G9571
captcha_2618.png,J9562
captcha_2619.png,Q3872
captcha_2620.png,T6819
captcha_2621.png,X9241
captcha_2622.png,C7331
captcha_2623.png,A2177
captcha_2624.png,J9336
captcha_2625.png,C794
captcha_2626.png,B3032
captcha_2627.png,K2045
captcha_2628.png,V92
captcha_2629.png,N7537
captcha_2630.png,R470
captcha_2631.png,R5535
captcha_2632.png,Y6466
captcha_2633.png,A8102
captcha_2634.png,K640
captcha_2635.png,F342
captcha_2636.png,R109
captcha_2637.png,H8137
captcha_2638.png,U3942
captcha_2639.png,J788
captcha_2640.png,X9589
captcha_2641.png,V6820
captcha_2642.png,X453
captcha_2643.png,V5833
captcha_2644.png,K3027
captcha_2645.png,K7560
captcha_2646.png,F3227
captcha_2647.png,J2204
captcha_2648.png,U7759
captcha_2649.png,Z247
captcha_2650.png,A4370
captcha_2651.png,U9983
captcha_2652.png,D1452
captcha_2653.png,H841
captcha_2654.png,T2701
captcha_2655.png,H8400
captcha_2656.png,B4296
captcha_2657.png,C6225
captcha_2658.png,H3627
captcha_2659.png,J7419
captcha_2660.png,D4641
captcha_2661.png,Z8358
captcha_2662.png,C3968
captcha_2663.png,G3849
captcha_2664.png,G5300
captcha_2665.png,G5001
captcha_2666.png,Y3534
captcha_2667.png,T473
captcha_2668.png,N8916
captcha_2669.png,G1526
captcha_2670.png,J4356
captcha_2671.png,R3885
captcha_2672.png,V8611
captcha_2673.png,U4098
captcha_2674.png,V793
captcha_2675.png,S1721
captcha_2676.png,P2282
captcha_2677.png,X6763
captcha_2678.png,J9231
captcha_2679.png,E8732
captcha_2680.png,H2601
captcha_2681.png,E1525
captcha_2682.png,W6207
captcha_2683.png,Q7845
captcha_2684.png,Y496
captcha_2685.png,A2615
captcha_2686.png,E421
captcha_2687.png,U8264
captcha_2688.png,R6486
captcha_2689.png,Q849
captcha_2690.png,A7156
captcha_2691.png,L9378
captcha_2692.png,Z5055
captcha_2693.png,Y1110
captcha_2694.png,N1232
captcha_2695.png,Z694
captcha_2696.png,W4601
captcha_2697.png,H8743
captcha_2698.png,D9301
captcha_2699.png,P1078
captcha_2700.png,Z456
captcha_2701.png,F6799
captcha_2702.png,C8333
captcha_2703.png,L2512
captcha_2704.png,M9022
captcha_2705.png,J8854
captcha_2706.png,Z2845
captcha_2707.png,B8922
captcha_2708.png,J6407
captcha_2709.png,M7920
captcha_2710.png,W8723
captcha_2711.png,L4067
captcha_2712.png,D6297
captcha_2713.png,M3556
captcha_2714.png,L6172
captcha_2715.png,W5070
captcha_2716.png,S4562
captcha_2717.png,S7626
captcha_2718.png,L439
captcha_2719.png,W5637
captcha_2720.png,R6981
captcha_2721.png,Z1504
captcha_2722.png,L5520
captcha_2723.png,L6385
captcha_2724.png,X1384
captcha_2725.png,B9586
captcha_2726.png,L4101
captcha_2727.png,D7153
captcha_2728.png,X5481
captcha_2729.png,Z7031
captcha_2730.png,Y3727
captcha_2731.png,W9311
captcha_2732.png,B7701
captcha_2733.png,U151
captcha_2734.png,S6948
captcha_2735.png,W6120
captcha_2736.png,A8676
captcha_2737.png,Y966
captcha_2738.png,J5752
captcha_2739.png,C2975
captcha_2740.png,X8485
captcha_2741.png,Z5308
captcha_2742.png,N3911
captcha_2743.png,J2008
captcha_2744.png,N2299
captcha_2745.png,U9036
captcha_2746.png,L7494
captcha_2747.png,R4195
captcha_2748.png,J4284
captcha_2749.png,M6205
captcha_2750.png,S2691
captcha_2751.png,L6228
captcha_2752.png,N2670
captcha_2753.png,B902
captcha_2754.png,P6223
captcha_2755.png,T4439
captcha_2756.png,Q3070
captcha_2757.png,L3919
captcha_2758.png,U5332
captcha_2759.png,T9723
captcha_2760.png,H9912
captcha_2761.png,J9097
captcha_2762.png,M7281
captcha_2763.png,J7404
captcha_2764.png,B7934
captcha_2765.png,X5694
captcha_2766.png,M2192
captcha_2767.png,Z9788
captcha_2768.png,Q6845
captcha_2769.png,Q6242
captcha_2770.png,Z1818
captcha_2771.png,M756
captcha_2772.png,E1574
captcha_2773.png,P1199
captcha_2774.png,W4437
captcha_2775.png,A5735
captcha_2776.png,J5943
captcha_2777.png,K4616
captcha_2778.png,B4922
captcha_2779.png,S9610
captcha_2780.png,R6423
captcha_2781.png,G1797
captcha_2782.png,P2677
captcha_2783.png,B1423
captcha_2784.png,U7458
captcha_2785.png,V4637
captcha_2786.png,R3532
captcha_2787.png,T3336
captcha_2788.png,T8560
captcha_2789.png,X2471
captcha_2790.png,R7722
captcha_2791.png,J8653
captcha_2792.png,S4125
captcha_2793.png,H472
captcha_2794.png,S4573
captcha_2795.png,R5607
captcha_2796.png,J1719
captcha_2797.png,X7005
captcha_2798.png,N6592
captcha_2799.png,D7224
captcha_2800.png,A4257
captcha_2801.png,G1875
captcha_2802.png,E3324
captcha_2803.png,N8644
captcha_2804.png,Y7856
captcha_2805.png,L5187
captcha_2806.png,K9828
captcha_2807.png,W440
captcha_2808.png,L4346
captcha_2809.png,T4587
captcha_2810.png,F6334
captcha_2811.png,Z1046
captcha_2812.png,Z6998
captcha_2813.png,V4542
captcha_2814.png,W5160
captcha_2815.png,G2783
captcha_2816.png,P2810
captcha_2817.png,H7721
captcha_2818.png,D7673
captcha_2819.png,L9949
captcha_2820.png,U7207
captcha_2821.png,Q1721
captcha_2822.png,Z7339
captcha_2823.png,X3000
captcha_2824.png,D1070
captcha_2825.png,J8929
captcha_2826.png,K5341
captcha_2827.png,H482
captcha_2828.png,R8108
captcha_2829.png,Y5150
captcha_2830.png,Z3815
captcha_2831.png,P606
captcha_2832.png,Z8029
captcha_2833.png,V3841
captcha_2834.png,R723
captcha_2835.png,P8634
captcha_2836.png,Z3865
captcha_2837.png,W1135
captcha_2838.png,C4191
captcha_2839.png,G7750
captcha_2840.png,E519
captcha_2841.png,M8948
captcha_2842.png,C6658
captcha_2843.png,T6117
captcha_2844.png,Y4270
captcha_2845.png,U897
captcha_2846.png,L6927
captcha_2847.png,C7089
captcha_2848.png,F3553
captcha_2849.png,P9941
captcha_2850.png,V422
captcha_2851.png,C2559
captcha_2852.png,K7401
captcha_2853.png,W8317
captcha_2854.png,H6234
captcha_2855.png,T8539
captcha_2856.png,V378
captcha_2857.png,C4987
captcha_2858.png,B241
captcha_2859.png,M6014
captcha_2860.png,E1706
captcha_2861.png,V308
captcha_2862.png,C513
captcha_2863.png,S6393
captcha_2864.png,E7027
captcha_2865.png,G2348
captcha_2866.png,Z5821
captcha_2867.png,V2068
captcha_2868.png,R5784
captcha_2869.png,R1290
captcha_2870.png,F9370
captcha_2871.png,H3892
captcha_2872.png,V8187
captcha_2873.png,T7605
captcha_2874.png,D4600
captcha_2875.png,H8590
captcha_2876.png,X7979
captcha_2877.png,Q290
captcha_2878.png,Z6765
captcha_2879.png,U5788
captcha_2880.png,B2843
captcha_2881.png,M3532
captcha_2882.png,B6328
captcha_2883.png,U9630
captcha_2884.png,N4561
captcha_2885.png,A4606
captcha_2886.png,Y6686
captcha_2887.png,V6972
captcha_2888.png,J1492
captcha_2889.png,A5150
captcha_2890.png,Y9868
captcha_2891.png,A5195
captcha_2892.png,B6596
captcha_2893.png,B7588
captcha_2894.png,A1185
captcha_2895.png,S3175
captcha_2896.png,C1831
captcha_2897.png,R917
captcha_2898.png,W7966
captcha_2899.png,F5911
captcha_2900.png,C1853
captcha_2901.png,D2780
captcha_2902.png,L4405
captcha_2903.png,W6721
captcha_2904.png,A1372
captcha_2905.png,B5286
captcha_2906.png,D576
captcha_2907.png,S567
captcha_2908.png,Z373
captcha_2909.png,H5639
captcha_2910.png,S1033
captcha_2911.png,W179
captcha_2912.png,C4546
captcha_2913.png,L787
captcha_2914.png,L192
captcha_2915.png,A7799
captcha_2916.png,G7119
captcha_2917.png,H4027
captcha_2918.png,Z4088
captcha_2919.png,G5048
captcha_2920.png,T3252
captcha_2921.png,P8048
captcha_2922.png,E4467
captcha_2923.png,A3257
captcha_2924.png,L4801
captcha_2925.png,T5041
captcha_2926.png,L4118
captcha_2927.png,V2713
captcha_2928.png,V7228
captcha_2929.png,V6306
captcha_2930.png,Z5843
captcha_2931.png,K556
captcha_2932.png,M9756
captcha_2933.png,Z6452
captcha_2934.png,B6405
captcha_2935.png,Y3274
captcha_2936.png,H4422
captcha_2937.png,Y3349
captcha_2938.png,E1398
captcha_2939.png,V8664
captcha_2940.png,N9811
captcha_2941.png,E996
captcha_2942.png,R7500
captcha_2943.png,A2460
captcha_2944.png,H1323
captcha_2945.png,C8668
captcha_2946.png,X4490
captcha_2947.png,M4585
captcha_2948.png,B5625
captcha_2949.png,Q1874
captcha_2950.png,K1278
captcha_2951.png,Z2856
captcha_2952.png,B7182
captcha_2953.png,C1743
captcha_2954.png,M8242
captcha_2955.png,Y295
captcha_2956.png,H6088
captcha_2957.png,E4379
captcha_2958.png,M4453
captcha_2959.png,W5568
captcha_2960.png,T263
captcha_2961.png,N8771
captcha_2962.png,H846
captcha_2963.png,L5129
captcha_2964.png,H9421
captcha_2965.png,J8498
captcha_2966.png,T4885
captcha_2967.png,L5426
captcha_2968.png,G1479
captcha_2969.png,S2502
captcha_2970.png,Z273
captcha_2971.png,P6508
captcha_2972.png,T698
captcha_2973.png,D7577
captcha_2974.png,S4574
captcha_2975.png,T8188
captcha_2976.png,F3374
captcha_2977.png,S2687
captcha_2978.png,H1466
captcha_2979.png,A6646
captcha_2980.png,U4829
captcha_2981.png,Z1837
captcha_2982.png,Z6378
captcha_2983.png,L5225
captcha_2984.png,N2716
captcha_2985.png,R5573
captcha_2986.png,U692
captcha_2987.png,P6907
captcha_2988.png,Z314
captcha_2989.png,R1622
captcha_2990.png,N1052
captcha_2991.png,F2515
captcha_2992.png,K8400
captcha_2993.png,C137
captcha_2994.png,A70O
captcha_2995.png,E5706
captcha_2996.png,P7672
captcha_2997.png,N214
captcha_2998.png,F8980
captcha_2999.png,G3390
captcha_3000.png,T9201
captcha_3001.png,E6211
captcha_3002.png,N8982
captcha_3003.png,A6940
captcha_3004.png,U2849
captcha_3005.png,U1183
captcha_3006.png,H668
captcha_3007.png,Q3804
captcha_3008.png,P9333
captcha_3009.png,A7678
captcha_3010.png,D3008
captcha_3011.png,H6847
captcha_3012.png,A5479
captcha_3013.png,A8549
captcha_3014.png,C5110
captcha_3015.png,U6925
captcha_3016.png,V1583
captcha_3017.png,H6177
captcha_3018.png,C1847
captcha_3019.png,D4347
captcha_3020.png,R3625
captcha_3021.png,M2602
captcha_3022.png,R8075
captcha_3023.png,N7323
captcha_3024.png,L5755
captcha_3025.png,Q4081
captcha_3026.png,G4556
captcha_3027.png,P8385
captcha_3028.png,S3765
captcha_3029.png,B6297
captcha_3030.png,W9425
captcha_3031.png,A9008
captcha_3032.png,S7314
captcha_3033.png,N6025
captcha_3034.png,K8888
captcha_3035.png,V4240
captcha_3036.png,S5387
captcha_3037.png,Q7798
captcha_3038.png,V1510
captcha_3039.png,D8459
captcha_3040.png,T8483
captcha_3041.png,X51
captcha_3042.png,Q4770
captcha_3043.png,P8482
captcha_3044.png,A9166
captcha_3045.png,T3080
captcha_3046.png,R1016
captcha_3047.png,W328
captcha_3048.png,F8693
captcha_3049.png,J5119
captcha_3050.png,J1287
captcha_3051.png,Y1545
captcha_3052.png,Z9821
captcha_3053.png,W2459
captcha_3054.png,E3501
captcha_3055.png,R7747
captcha_3056.png,K3066
captcha_3057.png,K4451
captcha_3058.png,Z9107
captcha_3059.png,M6601
captcha_3060.png,Z1611
captcha_3061.png,P3125
captcha_3062.png,E6771
captcha_3063.png,G4508
captcha_3064.png,C4169
captcha_3065.png,Q4371
captcha_3066.png,S4827
captcha_3067.png,T8571
captcha_3068.png,D9122
captcha_3069.png,E4775
captcha_3070.png,Z8026
captcha_3071.png,J5540
captcha_3072.png,Z2983
captcha_3073.png,K968
captcha_3074.png,U24
captcha_3075.png,L4515
captcha_3076.png,U3124
captcha_3077.png,Q2956
captcha_3078.png,C2661
captcha_3079.png,W1217
captcha_3080.png,C8869
captcha_3081.png,D4364
captcha_3082.png,Q3179
captcha_3083.png,K7340
captcha_3084.png,K5301
captcha_3085.png,T4622
captcha_3086.png,U8766
captcha_3087.png,A1719
captcha_3088.png,U879
captcha_3089.png,Z7141
captcha_3090.png,D3172
captcha_3091.png,K6505
captcha_3092.png,E622
captcha_3093.png,K4704
captcha_3094.png,E1244
captcha_3095.png,W2397
captcha_3096.png,X2796
captcha_3097.png,M9358
captcha_3098.png,N8401
captcha_3099.png,G9944
captcha_3100.png,N7635
captcha_3101.png,J438
captcha_3102.png,J7279
captcha_3103.png,X7743
captcha_3104.png,A3029
captcha_3105.png,Y3149
captcha_3106.png,K2834
captcha_3107.png,X9899
captcha_3108.png,T1658
captcha_3109.png,X6714
captcha_3110.png,Q3279
captcha_3111.png,E2824
captcha_3112.png,D6188
captcha_3113.png,B4364
captcha_3114.png,H6402
captcha_3115.png,Q5797
captcha_3116.png,L8139
captcha_3117.png,T6071
captcha_3118.png,E6058
captcha_3119.png,J3869
captcha_3120.png,D3445
captcha_3121.png,G8842
captcha_3122.png,S759
captcha_3123.png,U7124
captcha_3124.png,H32
captcha_3125.png,K4565
captcha_3126.png,Q837
captcha_3127.png,J7169
captcha_3128.png,C1650
captcha_3129.png,Z3039
captcha_3130.png,B2195
captcha_3131.png,E8244
captcha_3132.png,G7702
captcha_3133.png,M6347
captcha_3134.png,B4832
captcha_3135.png,P5590
captcha_3136.png,E4142
captcha_3137.png,P795
captcha_3138.png,K6074
captcha_3139.png,A5115
captcha_3140.png,R2606
captcha_3141.png,E9941
captcha_3142.png,A9915
captcha_3143.png,F4325
captcha_3144.png,H5046
captcha_3145.png,D123
captcha_3146.png,B4888
captcha_3147.png,S1173
captcha_3148.png,Y7496
captcha_3149.png,H4751
captcha_3150.png,H3197
captcha_3151.png,U24
captcha_3152.png,G62
captcha_3153.png,J5715
captcha_3154.png,W8973
captcha_3155.png,P8594
captcha_3156.png,E8801
captcha_3157.png,H8440
captcha_3158.png,N4261
captcha_3159.png,R5955
captcha_3160.png,P8475
captcha_3161.png,A7380
captcha_3162.png,M5325
captcha_3163.png,Y5479
captcha_3164.png,T2848
captcha_3165.png,C99
captcha_3166.png,W3198
captcha_3167.png,N1567
captcha_3168.png,X8338
captcha_3169.png,M7246
captcha_3170.png,Q2384
captcha_3171.png,P6462
captcha_3172.png,B8258
captcha_3173.png,A9087
captcha_3174.png,P2350
captcha_3175.png,A8307
captcha_3176.png,C7452
captcha_3177.png,J6485
captcha_3178.png,E6121
captcha_3179.png,S881
captcha_3180.png,C7929
captcha_3181.png,F5089
captcha_3182.png,F8881
captcha_3183.png,F4783
captcha_3184.png,G4458
captcha_3185.png,N191
captcha_3186.png,X2018
captcha_3187.png,E7346
captcha_3188.png,X1726
captcha_3189.png,N6044
captcha_3190.png,H6866
captcha_3191.png,S9057
captcha_3192.png,Z7620
captcha_3193.png,M3196
captcha_3194.png,Z7676
captcha_3195.png,F4509
captcha_3196.png,J7349
captcha_3197.png,H8042
captcha_3198.png,A4370
captcha_3199.png,X6230
captcha_3200.png,P8068
captcha_3201.png,S4708
captcha_3202.png,Q8822
captcha_3203.png,E9957
captcha_3204.png,U1784
captcha_3205.png,N1033
captcha_3206.png,H2034
captcha_3207.png,Z4908
captcha_3208.png,N3046
captcha_3209.png,H3536
captcha_3210.png,M2444
captcha_3211.png,Q8835
captcha_3212.png,U3344
captcha_3213.png,H8922
captcha_3214.png,Y7201
captcha_3215.png,G6743
captcha_3216.png,W6145
captcha_3217.png,W4583
captcha_3218.png,Q4062
captcha_3219.png,J425
captcha_3220.png,E3152
captcha_3221.png,V9121
captcha_3222.png,V5067
captcha_3223.png,Q4907
captcha_3224.png,B717
captcha_3225.png,Y109
captcha_3226.png,C8856
captcha_3227.png,Y9444
captcha_3228.png,U9060
captcha_3229.png,L9184
captcha_3230.png,Z166
captcha_3231.png,Y8601
captcha_3232.png,Z4113
captcha_3233.png,T3564
captcha_3234.png,Q793
captcha_3235.png,J9578
captcha_3236.png,G373
captcha_3237.png,M2566
captcha_3238.png,P487
captcha_3239.png,H6930
captcha_3240.png,E4540
captcha_3241.png,U6266
captcha_3242.png,W3356
captcha_3243.png,B3819
captcha_3244.png,X6083
captcha_3245.png,T8549
captcha_3246.png,H7609
captcha_3247.png,K1264
captcha_3248.png,B4064
captcha_3249.png,U6723
captcha_3250.png,Z8646
captcha_3251.png,G907
captcha_3252.png,A4870
captcha_3253.png,J1313
captcha_3254.png,N4526
captcha_3255.png,L7014
captcha_3256.png,R7771
captcha_3257.png,N3845
captcha_3258.png,M661
captcha_3259.png,T8670
captcha_3260.png,T535
captcha_3261.png,G1187
captcha_3262.png,B1013
captcha_3263.png,T8891
captcha_3264.png,Z1001
captcha_3265.png,M9605
captcha_3266.png,F5662
captcha_3267.png,P3107
captcha_3268.png,S5268
captcha_3269.png,D3682
captcha_3270.png,Q3005
captcha_3271.png,H7232
captcha_3272.png,Z4507
captcha_3273.png,D8323
captcha_3274.png,Q165
captcha_3275.png,K55
captcha_3276.png,S2500
captcha_3277.png,P9830
captcha_3278.png,W5531
captcha_3279.png,W9873
captcha_3280.png,L9675
captcha_3281.png,T2982
captcha_3282.png,Q6845
captcha_3283.png,A2246
captcha_3284.png,M2050
captcha_3285.png,M4236
captcha_3286.png,F3996
captcha_3287.png,T9029
captcha_3288.png,M3161
captcha_3289.png,U5743
captcha_3290.png,E9842
captcha_3291.png,D8789
captcha_3292.png,P9313
captcha_3293.png,R3067
captcha_3294.png,J2035
captcha_3295.png,A6495
captcha_3296.png,P5534
captcha_3297.png,M5694
captcha_3298.png,C1575
captcha_3299.png,K2831
captcha_3300.png,W1632
captcha_3301.png,R5346
captcha_3302.png,U4720
captcha_3303.png,X1513
captcha_3304.png,M1467
captcha_3305.png,G1192
captcha_3306.png,A4437
captcha_3307.png,A1402
captcha_3308.png,J4424
captcha_3309.png,F5338
captcha_3310.png,L8185
captcha_3311.png,R6048
captcha_3312.png,Y664
captcha_3313.png,Y6346
captcha_3314.png,Y233
captcha_3315.png,V2948
captcha_3316.png,F4570
captcha_3317.png,N8239
captcha_3318.png,S2785
captcha_3319.png,N6946
captcha_3320.png,M8180
captcha_3321.png,V7758
captcha_3322.png,H2433
captcha_3323.png,J2506
captcha_3324.png,T7745
captcha_3325.png,N7144
captcha_3326.png,B1486
captcha_3327.png,E6911
captcha_3328.png,Q286
captcha_3329.png,A6501
captcha_3330.png,W3526
captcha_3331.png,X3102
captcha_3332.png,B1337
captcha_3333.png,P4686
captcha_3334.png,D9841
captcha_3335.png,L7757
captcha_3336.png,J5575
captcha_3337.png,U9942
captcha_3338.png,N1102
captcha_3339.png,L1263
captcha_3340.png,H6950
captcha_3341.png,G991
captcha_3342.png,T1136
captcha_3343.png,L5327
captcha_3344.png,W2328
captcha_3345.png,D5107
captcha_3346.png,Z5128
captcha_3347.png,K7859
captcha_3348.png,P8688
captcha_3349.png,V9116
captcha_3350.png,X3332
captcha_3351.png,L8240
captcha_3352.png,E9759
captcha_3353.png,R5594
captcha_3354.png,Z3616
captcha_3355.png,X9083
captcha_3356.png,X1251
captcha_3357.png,L5117
captcha_3358.png,P1600
captcha_3359.png,N281
captcha_3360.png,G6327
captcha_3361.png,L7798
captcha_3362.png,U6115
captcha_3363.png,H9166
captcha_3364.png,U856
captcha_3365.png,K6185
captcha_3366.png,V6032
captcha_3367.png,G4573
captcha_3368.png,Q6966
captcha_3369.png,R1692
captcha_3370.png,H2566
captcha_3371.png,Q8377
captcha_3372.png,P9008
captcha_3373.png,M7923
captcha_3374.png,J1212
captcha_3375.png,U8541
captcha_3376.png,Q9548
captcha_3377.png,R6822
captcha_3378.png,E9447
captcha_3379.png,H1006
captcha_3380.png,T1889
captcha_3381.png,T9541
captcha_3382.png,H563
captcha_3383.png,T8076
captcha_3384.png,N9924
captcha_3385.png,H6357
captcha_3386.png,L9601
captcha_3387.png,C9601
captcha_3388.png,B4099
captcha_3389.png,M4015
captcha_3390.png,A4213
captcha_3391.png,J7813
captcha_3392.png,Z9701
captcha_3393.png,D2519
captcha_3394.png,N3507
captcha_3395.png,C333
captcha_3396.png,M6997
captcha_3397.png,Z4538
captcha_3398.png,K9945
captcha_3399.png,E9148
captcha_3400.png,R5637
captcha_3401.png,D9033
captcha_3402.png,W781
captcha_3403.png,A2086
captcha_3404.png,Y8588
captcha_3405.png,C7053
captcha_3406.png,S1622
captcha_3407.png,B342
captcha_3408.png,L9262
captcha_3409.png,Q1511
captcha_3410.png,V4683
captcha_3411.png,P9116
captcha_3412.png,T3770
captcha_3413.png,M5616
captcha_3414.png,W6191
captcha_3415.png,M3910
captcha_3416.png,C515
captcha_3417.png,M4352
captcha_3418.png,B4797
captcha_3419.png,A4755
captcha_3420.png,X2605
captcha_3421.png,T525
captcha_3422.png,P8035
captcha_3423.png,E6525
captcha_3424.png,K3966
captcha_3425.png,P9770
captcha_3426.png,U7862
captcha_3427.png,A1931
captcha_3428.png,B5757
captcha_3429.png,F9915
captcha_3430.png,N3814
captcha_3431.png,J1867
captcha_3432.png,Y3743
captcha_3433.png,E3789
captcha_3434.png,Z5276
captcha_3435.png,Y4673
captcha_3436.png,M7707
captcha_3437.png,U6915
captcha_3438.png,K2974
captcha_3439.png,E1390
captcha_3440.png,X2207
captcha_3441.png,W7652
captcha_3442.png,R9815
captcha_3443.png,N8013
captcha_3444.png,A338
captcha_3445.png,D9016
captcha_3446.png,P1312
captcha_3447.png,H1325
captcha_3448.png,G6056
captcha_3449.png,L5714
captcha_3450.png,P7830
captcha_3451.png,Q6912
captcha_3452.png,Y4439
captcha_3453.png,G3019
captcha_3454.png,A7417
captcha_3455.png,L2917
captcha_3456.png,E4418
captcha_3457.png,M4662
captcha_3458.png,D1913
captcha_3459.png,P7146
captcha_3460.png,R4901
captcha_3461.png,H5558
captcha_3462.png,S112
captcha_3463.png,G7729
captcha_3464.png,L7078
captcha_3465.png,H83
captcha_3466.png,H1866
captcha_3467.png,G6742
captcha_3468.png,Q6105
captcha_3469.png,M9136
captcha_3470.png,H4247
captcha_3471.png,D9832
captcha_3472.png,S6686
captcha_3473.png,J9547
captcha_3474.png,F3357
captcha_3475.png,D2960
captcha_3476.png,H2571
captcha_3477.png,E92
captcha_3478.png,C1556
captcha_3479.png,B3087
captcha_3480.png,V2874
captcha_3481.png,H9990
captcha_3482.png,B831
captcha_3483.png,M7506
captcha_3484.png,L6970
captcha_3485.png,T8633
captcha_3486.png,E5844
captcha_3487.png,F4070
captcha_3488.png,L1208
captcha_3489.png,K8685
captcha_3490.png,K2937
captcha_3491.png,X4574
captcha_3492.png,Q7891
captcha_3493.png,P2210
captcha_3494.png,K9770
captcha_3495.png,B3290
captcha_3496.png,T5195
captcha_3497.png,F8780
captcha_3498.png,V9124
captcha_3499.png,Y128
captcha_3500.png,K6604
captcha_3501.png,P7676
captcha_3502.png,Y4750
captcha_3503.png,D3567
captcha_3504.png,Z2000
captcha_3505.png,B6066
captcha_3506.png,W5818
captcha_3507.png,Q6429
captcha_3508.png,C5076
captcha_3509.png,C3271
captcha_3510.png,F1258
captcha_3511.png,Y5930
captcha_3512.png,P9764
captcha_3513.png,M3750
captcha_3514.png,K1748
captcha_3515.png,R9228
captcha_3516.png,V5739
captcha_3517.png,C1699
captcha_3518.png,R4403
captcha_3519.png,U5880
captcha_3520.png,V941
captcha_3521.png,S7849
captcha_3522.png,Q4680
captcha_3523.png,W6312
captcha_3524.png,G3013
captcha_3525.png,V3658
captcha_3526.png,Y4902
captcha_3527.png,S2586
captcha_3528.png,J4703
captcha_3529.png,E2872
captcha_3530.png,E9556
captcha_3531.png,Q6888
captcha_3532.png,C7189
captcha_3533.png,Z3057
captcha_3534.png,F2636
captcha_3535.png,S6128
captcha_3536.png,V4599
captcha_3537.png,T1165
captcha_3538.png,P3349
captcha_3539.png,E5490
captcha_3540.png,F8753
captcha_3541.png,C8154
captcha_3542.png,V1831
captcha_3543.png,G9994
captcha_3544.png,Q8764
captcha_3545.png,G3805
captcha_3546.png,Q9767
captcha_3547.png,C1695
captcha_3548.png,Q3515
captcha_3549.png,Z2063
captcha_3550.png,H7678
captcha_3551.png,E3249
captcha_3552.png,T8550
captcha_3553.png,P3466
captcha_3554.png,Z9552
captcha_3555.png,E4056
captcha_3556.png,Q3998
captcha_3557.png,Y8397
captcha_3558.png,B2383
captcha_3559.png,Q5243
captcha_3560.png,W791
captcha_3561.png,M8503
captcha_3562.png,F6555
captcha_3563.png,Y4496
captcha_3564.png,B9028
captcha_3565.png,J8152
captcha_3566.png,P9045
captcha_3567.png,R1681
captcha_3568.png,L5133
captcha_3569.png,P7731
captcha_3570.png,P5973
captcha_3571.png,R628
captcha_3572.png,F1278
captcha_3573.png,C6847
captcha_3574.png,F533
captcha_3575.png,U6832
captcha_3576.png,Q6930
captcha_3577.png,K5517
captcha_3578.png,E1185
captcha_3579.png,Q82
captcha_3580.png,M7912
captcha_3581.png,U107
captcha_3582.png,B1674
captcha_3583.png,V5159
captcha_3584.png,Z7405
captcha_3585.png,F8227
captcha_3586.png,F4287
captcha_3587.png,Z6672
captcha_3588.png,W8957
captcha_3589.png,G2299
captcha_3590.png,C8603
captcha_3591.png,Z1406
captcha_3592.png,M5145
captcha_3593.png,B8209
captcha_3594.png,P6736
captcha_3595.png,P67
captcha_3596.png,L366
captcha_3597.png,K6160
captcha_3598.png,N104
captcha_3599.png,G24
captcha_3600.png,V89
captcha_3601.png,G1125
captcha_3602.png,Y2237
captcha_3603.png,Q5520
captcha_3604.png,T4304
captcha_3605.png,M220
captcha_3606.png,P7721
captcha_3607.png,B6119
captcha_3608.png,F8503
captcha_3609.png,F3211
captcha_3610.png,T83
captcha_3611.png,R7194
captcha_3612.png,J607
captcha_3613.png,M3043
captcha_3614.png,M5964
captcha_3615.png,H2992
captcha_3616.png,C9308
captcha_3617.png,D5092
captcha_3618.png,T4925
captcha_3619.png,Y1194
captcha_3620.png,T5767
captcha_3621.png,A5636
captcha_3622.png,V1183
captcha_3623.png,B400
captcha_3624.png,L8828
captcha_3625.png,Z3835
captcha_3626.png,S400
captcha_3627.png,B5543
captcha_3628.png,E5012
captcha_3629.png,H6793
captcha_3630.png,Z7926
captcha_3631.png,S9515
captcha_3632.png,R41
captcha_3633.png,G9279
captcha_3634.png,Z2113
captcha_3635.png,W7061
captcha_3636.png,P8463
captcha_3637.png,L9787
captcha_3638.png,V8073
captcha_3639.png,E3663
captcha_3640.png,N7527
captcha_3641.png,K5471
captcha_3642.png,R9398
captcha_3643.png,N6529
captcha_3644.png,B8848
captcha_3645.png,Z7408
captcha_3646.png,P2026
captcha_3647.png,M5846
captcha_3648.png,C7145
captcha_3649.png,K7579
captcha_3650.png,H2086
captcha_3651.png,R8719
captcha_3652.png,W6296
captcha_3653.png,K8291
captcha_3654.png,B8162
captcha_3655.png,S2386
captcha_3656.png,N6581
captcha_3657.png,A8390
captcha_3658.png,Z3495
captcha_3659.png,H4097
captcha_3660.png,Z1364
captcha_3661.png,N2224
captcha_3662.png,P3093
captcha_3663.png,K1070
captcha_3664.png,J374
captcha_3665.png,D8562
captcha_3666.png,D7886
captcha_3667.png,A6171
captcha_3668.png,H684
captcha_3669.png,L8908
captcha_3670.png,K8907
captcha_3671.png,A7040
captcha_3672.png,D1076
captcha_3673.png,R2499
captcha_3674.png,E8921
captcha_3675.png,M8362
captcha_3676.png,J1958
captcha_3677.png,R3441
captcha_3678.png,A5669
captcha_3679.png,B2863
captcha_3680.png,N4722
captcha_3681.png,Z1418
captcha_3682.png,Q575
captcha_3683.png,A8849
captcha_3684.png,B8206
captcha_3685.png,S987
captcha_3686.png,M6264
captcha_3687.png,L2063
captcha_3688.png,F6147
captcha_3689.png,M9665
captcha_3690.png,Z965
captcha_3691.png,R612
captcha_3692.png,U5399
captcha_3693.png,C490
captcha_3694.png,L6712
captcha_3695.png,B8114
captcha_3696.png,N9304
captcha_3697.png,B8558
captcha_3698.png,H7197
captcha_3699.png,K6891
captcha_3700.png,N3365
captcha_3701.png,U6636
captcha_3702.png,P3410
captcha_3703.png,A5550
captcha_3704.png,Z8223
captcha_3705.png,D9802
captcha_3706.png,C7970
captcha_3707.png,Y6073
captcha_3708.png,T259
captcha_3709.png,M5647
captcha_3710.png,Q5218
captcha_3711.png,B3221
captcha_3712.png,V6593
captcha_3713.png,J513
captcha_3714.png,A6118
captcha_3715.png,F9908
captcha_3716.png,R3860
captcha_3717.png,G8754
captcha_3718.png,K3451
captcha_3719.png,H4526
captcha_3720.png,D6783
captcha_3721.png,P246
captcha_3722.png,E3981
captcha_3723.png,R7422
captcha_3724.png,S2233
captcha_3725.png,V9821
captcha_3726.png,W18
captcha_3727.png,J3632
captcha_3728.png,L4122
captcha_3729.png,R1878
captcha_3730.png,E4337
captcha_3731.png,M1924
captcha_3732.png,E8571
captcha_3733.png,L3729
captcha_3734.png,F2434
captcha_3735.png,T7057
captcha_3736.png,Z9729
captcha_3737.png,Q2595
captcha_3738.png,L2986
captcha_3739.png,L5831
captcha_3740.png,U3859
captcha_3741.png,Y9262
captcha_3742.png,X4198
captcha_3743.png,Q8669
captcha_3744.png,X5234
captcha_3745.png,C9213
captcha_3746.png,S5287
captcha_3747.png,V440
captcha_3748.png,A964
captcha_3749.png,X8669
captcha_3750.png,L9755
captcha_3751.png,D7124
captcha_3752.png,N8201
captcha_3753.png,K3613
captcha_3754.png,A69
captcha_3755.png,N861
captcha_3756.png,W1319
captcha_3757.png,C5954
captcha_3758.png,F6017
captcha_3759.png,L1665
captcha_3760.png,U2899
captcha_3761.png,B6878
captcha_3762.png,H6443
captcha_3763.png,P943
captcha_3764.png,W3273
captcha_3765.png,C8811
captcha_3766.png,Q8989
captcha_3767.png,L9827
captcha_3768.png,Z6724
captcha_3769.png,N1110
captcha_3770.png,U5156
captcha_3771.png,S3544
captcha_3772.png,G1005
captcha_3773.png,P9408
captcha_3774.png,E5514
captcha_3775.png,D3808
captcha_3776.png,K7031
captcha_3777.png,E4730
captcha_3778.png,R4063
captcha_3779.png,A8895
captcha_3780.png,J2940
captcha_3781.png,H5218
captcha_3782.png,C3587
captcha_3783.png,H189
captcha_3784.png,H7832
captcha_3785.png,C7114
captcha_3786.png,N3487
captcha_3787.png,D1378
captcha_3788.png,U3296
captcha_3789.png,C5957
captcha_3790.png,P4576
captcha_3791.png,C3481
captcha_3792.png,B278
captcha_3793.png,A3510
captcha_3794.png,G4673
captcha_3795.png,H1897
captcha_3796.png,X6523
captcha_3797.png,B7024
captcha_3798.png,M4116
captcha_3799.png,X230
captcha_3800.png,C10
captcha_3801.png,F502
captcha_3802.png,K7920
captcha_3803.png,N9946
captcha_3804.png,K3690
captcha_3805.png,E2670
captcha_3806.png,C2943
captcha_3807.png,H6590
captcha_3808.png,S6409
captcha_3809.png,B9499
captcha_3810.png,V9109
captcha_3811.png,F7501
captcha_3812.png,Z5347
captcha_3813.png,L5058
captcha_3814.png,X9103
captcha_3815.png,Z5324
captcha_3816.png,N6035
captcha_3817.png,U9885
captcha_3818.png,E1807
captcha_3819.png,H2232
captcha_3820.png,B6500
captcha_3821.png,N5705
captcha_3822.png,S9330
captcha_3823.png,T6481
captcha_3824.png,C5546
captcha_3825.png,K8043
captcha_3826.png,F5532
captcha_3827.png,N3161
captcha_3828.png,K6966
captcha_3829.png,W4419
captcha_3830.png,L9661
captcha_3831.png,N1461
captcha_3832.png,G2635
captcha_3833.png,K9371
captcha_3834.png,T6734
captcha_3835.png,S4094
captcha_3836.png,M1343
captcha_3837.png,Z6002
captcha_3838.png,N80
captcha_3839.png,Y504
captcha_3840.png,A2013
captcha_3841.png,E4211
captcha_3842.png,H1220
captcha_3843.png,W457
captcha_3844.png,P4596
captcha_3845.png,J7677
captcha_3846.png,R199
captcha_3847.png,B2063
captcha_3848.png,F1177
captcha_3849.png,K3358
captcha_3850.png,Y453
captcha_3851.png,H3678
captcha_3852.png,V2343
captcha_3853.png,E9822
captcha_3854.png,H870
captcha_3855.png,Y707
captcha_3856.png,T3868
captcha_3857.png,T4833
captcha_3858.png,Y7011
captcha_3859.png,L7894
captcha_3860.png,X7711
captcha_3861.png,T8405
captcha_3862.png,K515
captcha_3863.png,D5821
captcha_3864.png,L2209
captcha_3865.png,S6111
captcha_3866.png,K9939
captcha_3867.png,Q1231
captcha_3868.png,R5583
captcha_3869.png,S2117
captcha_3870.png,L8536
captcha_3871.png,J3310
captcha_3872.png,V5786
captcha_3873.png,P4255
captcha_3874.png,L3305
captcha_3875.png,Y410
captcha_3876.png,W4002
captcha_3877.png,Z5183
captcha_3878.png,U9023
captcha_3879.png,H1739
captcha_3880.png,W7670
captcha_3881.png,T7833
captcha_3882.png,L4127
captcha_3883.png,F2552
captcha_3884.png,B6250
captcha_3885.png,D6471
captcha_3886.png,Q7396
captcha_3887.png,N4598
captcha_3888.png,Z1059
captcha_3889.png,W7750
captcha_3890.png,M386
captcha_3891.png,Q8401
captcha_3892.png,Y6530
captcha_3893.png,C5463
captcha_3894.png,W1563
captcha_3895.png,N831
captcha_3896.png,H3889
captcha_3897.png,J4223
captcha_3898.png,R4306
captcha_3899.png,Z5755
captcha_3900.png,E8144
captcha_3901.png,G3769
captcha_3902.png,U5334
captcha_3903.png,M6597
captcha_3904.png,S5913
captcha_3905.png,N7993
captcha_3906.png,R9962
captcha_3907.png,E9641
captcha_3908.png,C3612
captcha_3909.png,S7539
captcha_3910.png,W9032
captcha_3911.png,N8578
captcha_3912.png,K5945
captcha_3913.png,Z2477
captcha_3914.png,P5735
captcha_3915.png,C6767
captcha_3916.png,S5741
captcha_3917.png,E3195
captcha_3918.png,G1458
captcha_3919.png,R4881
captcha_3920.png,D1117
captcha_3921.png,A4558
captcha_3922.png,D7672
captcha_3923.png,K2301
captcha_3924.png,K821
captcha_3925.png,D655
captcha_3926.png,L8392
captcha_3927.png,J4200
captcha_3928.png,L3700
captcha_3929.png,V6173
captcha_3930.png,Z640
captcha_3931.png,C4697
captcha_3932.png,G401
captcha_3933.png,X4739
captcha_3934.png,K7126
captcha_3935.png,E5977
captcha_3936.png,Q9505
captcha_3937.png,S4221
captcha_3938.png,W1367
captcha_3939.png,K5166
captcha_3940.png,F9737
captcha_3941.png,S8182
captcha_3942.png,E139
captcha_3943.png,Z7297
captcha_3944.png,C1579
captcha_3945.png,D6233
captcha_3946.png,D1572
captcha_3947.png,C7625
captcha_3948.png,W320
captcha_3949.png,J9568
captcha_3950.png,K2591
captcha_3951.png,T8798
captcha_3952.png,V1785
captcha_3953.png,W2268
captcha_3954.png,D9232
captcha_3955.png,X1024
captcha_3956.png,A5148
captcha_3957.png,G5124
captcha_3958.png,A1441
captcha_3959.png,V7969
captcha_3960.png,J8187
captcha_3961.png,S9604
captcha_3962.png,H8358
captcha_3963.png,P7653
captcha_3964.png,M150
captcha_3965.png,C6763
captcha_3966.png,A629
captcha_3967.png,T9628
captcha_3968.png,D1497
captcha_3969.png,H1850
captcha_3970.png,E2977
captcha_3971.png,A9846
captcha_3972.png,R7496
captcha_3973.png,F6458
captcha_3974.png,X7022
captcha_3975.png,U4905
captcha_3976.png,Z4072
captcha_3977.png,D4066
captcha_3978.png,M3193
captcha_3979.png,N3014
captcha_3980.png,W627
captcha_3981.png,A1731
captcha_3982.png,Y7122
captcha_3983.png,X6759
captcha_3984.png,T4625
captcha_3985.png,M6352
captcha_3986.png,X9119
captcha_3987.png,Z3609
captcha_3988.png,A80
captcha_3989.png,M3085
captcha_3990.png,Z2160
captcha_3991.png,U9333
captcha_3992.png,F5524
captcha_3993.png,G7724
captcha_3994.png,C8571
captcha_3995.png,G3249
captcha_3996.png,K1822
captcha_3997.png,N2674
captcha_3998.png,L49
captcha_3999.png,J185
captcha_4000.png,X8322
captcha_4001.png,J2348
captcha_4002.png,L7342
captcha_4003.png,A7899
captcha_4004.png,S8071
captcha_4005.png,C3392
captcha_4006.png,H7301
captcha_4007.png,F1178
captcha_4008.png,R6026
captcha_4009.png,T7828
captcha_4010.png,B5548
captcha_4011.png,Q9648
captcha_4012.png,H5
captcha_4013.png,K3489
captcha_4014.png,H2060
captcha_4015.png,Z9537
captcha_4016.png,S3052
captcha_4017.png,Y7296
captcha_4018.png,T8161
captcha_4019.png,Z6604
captcha_4020.png,L4547
captcha_4021.png,B3033
captcha_4022.png,W8317
captcha_4023.png,R8465
captcha_4024.png,J3007
captcha_4025.png,V7523
captcha_4026.png,C7130
captcha_4027.png,A5028
captcha_4028.png,T1829
captcha_4029.png,K1020
captcha_4030.png,K7963
captcha_4031.png,U9006
captcha_4032.png,L18
captcha_4033.png,Q841
captcha_4034.png,H6331
captcha_4035.png,M771
captcha_4036.png,Z3362
captcha_4037.png,X450
captcha_4038.png,F998
captcha_4039.png,U5475
captcha_4040.png,M7431
captcha_4041.png,V4888
captcha_4042.png,J6128
captcha_4043.png,S3022
captcha_4044.png,G3063
captcha_4045.png,R2859
captcha_4046.png,W6353
captcha_4047.png,D6961
captcha_4048.png,J7720
captcha_4049.png,V5663
captcha_4050.png,B3254
captcha_4051.png,L2448
captcha_4052.png,B3643
captcha_4053.png,M7058
captcha_4054.png,R8990
captcha_4055.png,K6742
captcha_4056.png,P3856
captcha_4057.png,Z4237
captcha_4058.png,C2476
captcha_4059.png,W9703
captcha_4060.png,V4148
captcha_4061.png,X4975
captcha_4062.png,P9188
captcha_4063.png,J3238
captcha_4064.png,J3309
captcha_4065.png,L6838
captcha_4066.png,A7696
captcha_4067.png,X826
captcha_4068.png,E6045
captcha_4069.png,S1004
captcha_4070.png,X9158
captcha_4071.png,A9961
captcha_4072.png,C1992
captcha_4073.png,E336
captcha_4074.png,F8444
captcha_4075.png,T3103
captcha_4076.png,V2840
captcha_4077.png,R309
captcha_4078.png,Q4830
captcha_4079.png,T8121
captcha_4080.png,B3703
captcha_4081.png,J9095
captcha_4082.png,C8931
captcha_4083.png,K7978
captcha_4084.png,E9923
captcha_4085.png,V8667
captcha_4086.png,L4390
captcha_4087.png,T507
captcha_4088.png,D1070
captcha_4089.png,B5799
captcha_4090.png,J1649
captcha_4091.png,N961
captcha_4092.png,Q939
captcha_4093.png,U8210
captcha_4094.png,S5169
captcha_4095.png,V1503
captcha_4096.png,J4695
captcha_4097.png,G2923
captcha_4098.png,S6227
captcha_4099.png,P9030
captcha_4100.png,D1809
captcha_4101.png,Y7998
captcha_4102.png,V4403
captcha_4103.png,K6406
captcha_4104.png,N8354
captcha_4105.png,B1385
captcha_4106.png,P1550
captcha_4107.png,E7401
captcha_4108.png,L9604
captcha_4109.png,R2644
captcha_4110.png,T5506
captcha_4111.png,N6365
captcha_4112.png,M7418
captcha_4113.png,T6823
captcha_4114.png,S8252
captcha_4115.png,A3099
captcha_4116.png,R8451
captcha_4117.png,U2798
captcha_4118.png,V3516
captcha_4119.png,U2089
captcha_4120.png,Q8966
captcha_4121.png,F3654
captcha_4122.png,K7439
captcha_4123.png,V7550
captcha_4124.png,Z5407
captcha_4125.png,P1929
captcha_4126.png,L9506
captcha_4127.png,U1143
captcha_4128.png,N7321
captcha_4129.png,J4432
captcha_4130.png,Z2572
captcha_4131.png,M3794
captcha_4132.png,U266
captcha_4133.png,M8304
captcha_4134.png,G6880
captcha_4135.png,M1256
captcha_4136.png,Y9048
captcha_4137.png,S1526
captcha_4138.png,V8417
captcha_4139.png,S4887
captcha_4140.png,W7782
captcha_4141.png,S7875
captcha_4142.png,X3689
captcha_4143.png,W3948
captcha_4144.png,R3350
captcha_4145.png,C2366
captcha_4146.png,U6467
captcha_4147.png,D9160
captcha_4148.png,S5408
captcha_4149.png,X1981
captcha_4150.png,P5253
captcha_4151.png,R1308
captcha_4152.png,R399
captcha_4153.png,A4083
captcha_4154.png,V9641
captcha_4155.png,Q9468
captcha_4156.png,K2423
captcha_4157.png,L6972
captcha_4158.png,D1616
captcha_4159.png,K8345
captcha_4160.png,L7204
captcha_4161.png,Z9710
captcha_4162.png,J9290
captcha_4163.png,K3474
captcha_4164.png,M5486
captcha_4165.png,D2518
captcha_4166.png,Z5881
captcha_4167.png,G9736
captcha_4168.png,N7795
captcha_4169.png,D23
captcha_4170.png,Q8055
captcha_4171.png,E4168
captcha_4172.png,P9132
captcha_4173.png,A6193
captcha_4174.png,W7221
captcha_4175.png,N3361
captcha_4176.png,A1014
captcha_4177.png,G4416
captcha_4178.png,R7836
captcha_4179.png,S6355
captcha_4180.png,S6665
captcha_4181.png,M437
captcha_4182.png,F2894
captcha_4183.png,Z3161
captcha_4184.png,S7975
captcha_4185.png,P2671
captcha_4186.png,X8927
captcha_4187.png,R6822
captcha_4188.png,B496
captcha_4189.png,M9420
captcha_4190.png,R3447
captcha_4191.png,Q6140
captcha_4192.png,W2915
captcha_4193.png,R7618
captcha_4194.png,X525
captcha_4195.png,Y6963
captcha_4196.png,T1756
captcha_4197.png,R3184
captcha_4198.png,C879
captcha_4199.png,D7646
captcha_4200.png,E9162
captcha_4201.png,Y231
captcha_4202.png,R1094
captcha_4203.png,S236
captcha_4204.png,F6058
captcha_4205.png,Z3146
captcha_4206.png,X5122
captcha_4207.png,C2805
captcha_4208.png,B2230
captcha_4209.png,V3516
captcha_4210.png,J2587
captcha_4211.png,T7989
captcha_4212.png,Z1858
captcha_4213.png,W6857
captcha_4214.png,X3482
captcha_4215.png,M865
captcha_4216.png,G8582
captcha_4217.png,T5308
captcha_4218.png,B1785
captcha_4219.png,B3147
captcha_4220.png,X565
captcha_4221.png,H4625
captcha_4222.png,W3164
captcha_4223.png,A3060
captcha_4224.png,H3604
captcha_4225.png,B5898
captcha_4226.png,D4287
captcha_4227.png,Z9831
captcha_4228.png,S80
captcha_4229.png,G8237
captcha_4230.png,D9979
captcha_4231.png,P3453
captcha_4232.png,U4551
captcha_4233.png,G4399
captcha_4234.png,E5859
captcha_4235.png,C2149
captcha_4236.png,L7556
captcha_4237.png,W7361
captcha_4238.png,Q3873
captcha_4239.png,X3375
captcha_4240.png,Q3217
captcha_4241.png,F7680
captcha_4242.png,U556
captcha_4243.png,T2664
captcha_4244.png,D8470
captcha_4245.png,G3010
captcha_4246.png,T9115
captcha_4247.png,U7417
captcha_4248.png,G5406
captcha_4249.png,N3521
captcha_4250.png,R6965
captcha_4251.png,K2394
captcha_4252.png,W6020
captcha_4253.png,T2927
captcha_4254.png,K2687
captcha_4255.png,R6305
captcha_4256.png,M4358
captcha_4257.png,H6619
captcha_4258.png,T2204
captcha_4259.png,V2547
captcha_4260.png,Z3956
captcha_4261.png,D1849
captcha_4262.png,E744
captcha_4263.png,Z8261
captcha_4264.png,X2600
captcha_4265.png,L412
captcha_4266.png,V1551
captcha_4267.png,U1588
captcha_4268.png,K2569
captcha_4269.png,B7390
captcha_4270.png,G1791
captcha_4271.png,H8083
captcha_4272.png,H1857
captcha_4273.png,W4218
captcha_4274.png,F7541
captcha_4275.png,C9485
captcha_4276.png,R3962
captcha_4277.png,Q6750
captcha_4278.png,A3712
captcha_4279.png,U8140
captcha_4280.png,Q9603
captcha_4281.png,K7824
captcha_4282.png,N7148
captcha_4283.png,N1222
captcha_4284.png,U8025
captcha_4285.png,Z2945
captcha_4286.png,X1350
captcha_4287.png,M9186
captcha_4288.png,K9382
captcha_4289.png,C1714
captcha_4290.png,D3340
captcha_4291.png,Z1855
captcha_4292.png,C8581
captcha_4293.png,G6854
captcha_4294.png,S8342
captcha_4295.png,T4603
captcha_4296.png,C9499
captcha_4297.png,C2878
captcha_4298.png,Q6394
captcha_4299.png,L4681
captcha_4300.png,E4431
captcha_4301.png,M1400
captcha_4302.png,W5077
captcha_4303.png,C3815
captcha_4304.png,N1355
captcha_4305.png,Y9553
captcha_4306.png,P5621
captcha_4307.png,N2099
captcha_4308.png,H8564
captcha_4309.png,S7719
captcha_4310.png,Q5568
captcha_4311.png,Q9687
captcha_4312.png,P9944
captcha_4313.png,K9237
captcha_4314.png,B5315
captcha_4315.png,R9679
captcha_4316.png,C8352
captcha_4317.png,T2826
captcha_4318.png,F7597
captcha_4319.png,Z5797
captcha_4320.png,H7054
captcha_4321.png,X2091
captcha_4322.png,G7511
captcha_4323.png,F4907
captcha_4324.png,X9672
captcha_4325.png,N332
captcha_4326.png,A7993
captcha_4327.png,P8358
captcha_4328.png,W3651
captcha_4329.png,A1885
captcha_4330.png,K2777
captcha_4331.png,M394
captcha_4332.png,K3570
captcha_4333.png,D4866
captcha_4334.png,D3083
captcha_4335.png,T5425
captcha_4336.png,P7274
captcha_4337.png,N4303
captcha_4338.png,X7451
captcha_4339.png,R1827
captcha_4340.png,Z3850
captcha_4341.png,K1623
captcha_4342.png,E5780
captcha_4343.png,K2405
captcha_4344.png,U9947
captcha_4345.png,H4720
captcha_4346.png,E3941
captcha_4347.png,Q8332
captcha_4348.png,H6073
captcha_4349.png,Z9891
captcha_4350.png,Q9265
captcha_4351.png,X1937
captcha_4352.png,Z6711
captcha_4353.png,E8619
captcha_4354.png,W1441
captcha_4355.png,F557
captcha_4356.png,P1422
captcha_4357.png,S9722
captcha_4358.png,P2891
captcha_4359.png,J5636
captcha_4360.png,U771
captcha_4361.png,K8796
captcha_4362.png,Z6051
captcha_4363.png,U206
captcha_4364.png,W6974
captcha_4365.png,R6939
captcha_4366.png,Q9227
captcha_4367.png,W7867
captcha_4368.png,M3616
captcha_4369.png,E6940
captcha_4370.png,K6059
captcha_4371.png,T1208
captcha_4372.png,P6297
captcha_4373.png,X8872
captcha_4374.png,B6386
captcha_4375.png,U4984
captcha_4376.png,A6898
captcha_4377.png,L8090
captcha_4378.png,V4512
captcha_4379.png,D7608
captcha_4380.png,K2398
captcha_4381.png,P4409
captcha_4382.png,V8928
captcha_4383.png,T3349
captcha_4384.png,Y2362
captcha_4385.png,A9984
captcha_4386.png,R505
captcha_4387.png,S4407
captcha_4388.png,U755
captcha_4389.png,N1562
captcha_4390.png,J1898
captcha_4391.png,P2869
captcha_4392.png,P9539
captcha_4393.png,V2134
captcha_4394.png,X6058
captcha_4395.png,A5728
captcha_4396.png,S7328
captcha_4397.png,F51
captcha_4398.png,Q8470
captcha_4399.png,V7420
captcha_4400.png,W3172
captcha_4401.png,K4630
captcha_4402.png,L8060
captcha_4403.png,E7347
captcha_4404.png,L5694
captcha_4405.png,F3566
captcha_4406.png,E137
captcha_4407.png,D4920
captcha_4408.png,J3286
captcha_4409.png,F7649
captcha_4410.png,U4069
captcha_4411.png,K7243
captcha_4412.png,L5060
captcha_4413.png,Q9842
captcha_4414.png,P7205
captcha_4415.png,D2632
captcha_4416.png,W4818
captcha_4417.png,L2041
captcha_4418.png,L42
captcha_4419.png,C7557
captcha_4420.png,V8539
captcha_4421.png,G7721
captcha_4422.png,V3752
captcha_4423.png,Z5823
captcha_4424.png,H1068
captcha_4425.png,J6184
captcha_4426.png,L6308
captcha_4427.png,T6990
captcha_4428.png,T4919
captcha_4429.png,W3041
captcha_4430.png,X4137
captcha_4431.png,G2113
captcha_4432.png,T5327
captcha_4433.png,N7700
captcha_4434.png,L7736
captcha_4435.png,R5086
captcha_4436.png,A5334
captcha_4437.png,Y7655
captcha_4438.png,Q9460
captcha_4439.png,Z9586
captcha_4440.png,D9439
captcha_4441.png,E7558
captcha_4442.png,F5591
captcha_4443.png,T2053
captcha_4444.png,N6046
captcha_4445.png,Y851
captcha_4446.png,V5958
captcha_4447.png,T4976
captcha_4448.png,Q4814
captcha_4449.png,Y3078
captcha_4450.png,S7655
captcha_4451.png,K2483
captcha_4452.png,J8318
captcha_4453.png,E4943
captcha_4454.png,H2955
captcha_4455.png,H3471
captcha_4456.png,G539
captcha_4457.png,W4129
captcha_4458.png,Y8306
captcha_4459.png,U9144
captcha_4460.png,M3871
captcha_4461.png,C7059
captcha_4462.png,N7151
captcha_4463.png,E3244
captcha_4464.png,E6589
captcha_4465.png,J1488
captcha_4466.png,B5669
captcha_4467.png,R7793
captcha_4468.png,K7044
captcha_4469.png,D8296
captcha_4470.png,B5528
captcha_4471.png,Y1218
captcha_4472.png,R2564
captcha_4473.png,N9943
captcha_4474.png,A502
captcha_4475.png,R2373
captcha_4476.png,B2943
captcha_4477.png,T3537
captcha_4478.png,W8585
captcha_4479.png,S7929
captcha_4480.png,T5524
captcha_4481.png,P199
captcha_4482.png,Q7772
captcha_4483.png,L4367
captcha_4484.png,M8432
captcha_4485.png,S9032
captcha_4486.png,A3774
captcha_4487.png,X641
captcha_4488.png,W1252
captcha_4489.png,F6356
captcha_4490.png,Z2380
captcha_4491.png,H3871
captcha_4492.png,L6714
captcha_4493.png,L4968
captcha_4494.png,W9206
captcha_4495.png,A3312
captcha_4496.png,Y6635
captcha_4497.png,P7806
captcha_4498.png,N150
captcha_4499.png,A8065
captcha_4500.png,Q5724
captcha_4501.png,H7172
captcha_4502.png,E699
captcha_4503.png,S5787
captcha_4504.png,H9259
captcha_4505.png,C5271
captcha_4506.png,J120
captcha_4507.png,N1956
captcha_4508.png,K2342
captcha_4509.png,B9825
captcha_4510.png,H6142
captcha_4511.png,J7955
captcha_4512.png,V3712
captcha_4513.png,Q84
captcha_4514.png,Y8017
captcha_4515.png,R8148
captcha_4516.png,D1961
captcha_4517.png,T1952
captcha_4518.png,N1979
captcha_4519.png,X5434
captcha_4520.png,S3740
captcha_4521.png,S8809
captcha_4522.png,F9930
captcha_4523.png,F5313
captcha_4524.png,W4200
captcha_4525.png,W8158
captcha_4526.png,L9645
captcha_4527.png,B1254
captcha_4528.png,Z8184
captcha_4529.png,X3669
captcha_4530.png,D2127
captcha_4531.png,U4294
captcha_4532.png,M7102
captcha_4533.png,Q5741
captcha_4534.png,Y4679
captcha_4535.png,K5862
captcha_4536.png,S1216
captcha_4537.png,G9420
captcha_4538.png,V3378
captcha_4539.png,R962
captcha_4540.png,X1752
captcha_4541.png,Q3681
captcha_4542.png,X1283
captcha_4543.png,E5069
captcha_4544.png,N1462
captcha_4545.png,D550
captcha_4546.png,E5769
captcha_4547.png,E3549
captcha_4548.png,E9268
captcha_4549.png,E6049
captcha_4550.png,G650
captcha_4551.png,K6133
captcha_4552.png,E9452
captcha_4553.png,M9755
captcha_4554.png,N6694
captcha_4555.png,Y5674
captcha_4556.png,Q9142
captcha_4557.png,A5342
captcha_4558.png,K1023
captcha_4559.png,Q354
captcha_4560.png,Z9507
captcha_4561.png,T695
captcha_4562.png,M9624
captcha_4563.png,F6339
captcha_4564.png,D9514
captcha_4565.png,N2265
captcha_4566.png,V5095
captcha_4567.png,U496
captcha_4568.png,C1702
captcha_4569.png,K459
captcha_4570.png,W9415
captcha_4571.png,Z3263
captcha_4572.png,V1206
captcha_4573.png,F4419
captcha_4574.png,M1723
captcha_4575.png,P6278
captcha_4576.png,C6565
captcha_4577.png,A8631
captcha_4578.png,G6680
captcha_4579.png,K2103
captcha_4580.png,R8914
captcha_4581.png,Y3642
captcha_4582.png,L1164
captcha_4583.png,T4946
captcha_4584.png,N4122
captcha_4585.png,R6981
captcha_4586.png,P6882
captcha_4587.png,J2286
captcha_4588.png,G5649
captcha_4589.png,E4517
captcha_4590.png,C5802
captcha_4591.png,L7981
captcha_4592.png,G3472
captcha_4593.png,B2569
captcha_4594.png,E6133
captcha_4595.png,P5947
captcha_4596.png,S9196
captcha_4597.png,L9873
captcha_4598.png,W653
captcha_4599.png,P9082
captcha_4600.png,P2488
captcha_4601.png,T4260
captcha_4602.png,K3320
captcha_4603.png,B107
captcha_4604.png,P4476
captcha_4605.png,H2271
captcha_4606.png,J3702
captcha_4607.png,K686
captcha_4608.png,V8820
captcha_4609.png,W810
captcha_4610.png,U3061
captcha_4611.png,S711
captcha_4612.png,Y6779
captcha_4613.png,R9312
captcha_4614.png,Z4557
captcha_4615.png,J5179
captcha_4616.png,Z5327
captcha_4617.png,G8406
captcha_4618.png,M5072
captcha_4619.png,H4560
captcha_4620.png,J8575
captcha_4621.png,X8354
captcha_4622.png,C9509
captcha_4623.png,G3096
captcha_4624.png,V7734
captcha_4625.png,L3952
captcha_4626.png,K29
captcha_4627.png,L1830
captcha_4628.png,W8345
captcha_4629.png,E6687
captcha_4630.png,J3223
captcha_4631.png,B6858
captcha_4632.png,R346
captcha_4633.png,G4115
captcha_4634.png,T1864
captcha_4635.png,N9969
captcha_4636.png,M984
captcha_4637.png,F5767
captcha_4638.png,T8783
captcha_4639.png,Q1791
captcha_4640.png,R7173
captcha_4641.png,N9500
captcha_4642.png,Y9729
captcha_4643.png,C8260
captcha_4644.png,P4232
captcha_4645.png,F5815
captcha_4646.png,S9848
captcha_4647.png,K4173
captcha_4648.png,Z6728
captcha_4649.png,B6607
captcha_4650.png,Y5056
captcha_4651.png,G5495
captcha_4652.png,U4394
captcha_4653.png,X718
captcha_4654.png,P7493
captcha_4655.png,Q4193
captcha_4656.png,Q9223
captcha_4657.png,H8010
captcha_4658.png,K8904
captcha_4659.png,A7465
captcha_4660.png,U5331
captcha_4661.png,G1196
captcha_4662.png,T2000
captcha_4663.png,S2665
captcha_4664.png,P549
captcha_4665.png,R1511
captcha_4666.png,G6919
captcha_4667.png,X5768
captcha_4668.png,C4989
captcha_4669.png,T8407
captcha_4670.png,Q5184
captcha_4671.png,V8263
captcha_4672.png,R8623
captcha_4673.png,K6884
captcha_4674.png,R4024
captcha_4675.png,V209
captcha_4676.png,E7540
captcha_4677.png,T33
captcha_4678.png,H2435
captcha_4679.png,Z6865
captcha_4680.png,F4166
captcha_4681.png,J1451
captcha_4682.png,A9039
captcha_4683.png,Y2139
captcha_4684.png,U1448
captcha_4685.png,U9685
captcha_4686.png,P6699
captcha_4687.png,K1480
captcha_4688.png,Z701
captcha_4689.png,Q7931
captcha_4690.png,G8595
captcha_4691.png,P7085
captcha_4692.png,F9109
captcha_4693.png,S4036
captcha_4694.png,E2700
captcha_4695.png,M2217
captcha_4696.png,U569
captcha_4697.png,C213
captcha_4698.png,H5654
captcha_4699.png,T3564
captcha_4700.png,N9069
captcha_4701.png,F119
captcha_4702.png,Z9360
captcha_4703.png,Q5351
captcha_4704.png,N8028
captcha_4705.png,B6646
captcha_4706.png,U3591
captcha_4707.png,E8327
captcha_4708.png,K3063
captcha_4709.png,H275
captcha_4710.png,Z1309
captcha_4711.png,T9571
captcha_4712.png,X237
captcha_4713.png,W5029
captcha_4714.png,M1886
captcha_4715.png,H1084
captcha_4716.png,Y164
captcha_4717.png,J152
captcha_4718.png,G6241
captcha_4719.png,N5963
captcha_4720.png,D2316
captcha_4721.png,R1017
captcha_4722.png,D8679
captcha_4723.png,F3246
captcha_4724.png,R9645
captcha_4725.png,J6513
captcha_4726.png,A8640
captcha_4727.png,T2566
captcha_4728.png,G7098
captcha_4729.png,J3876
captcha_4730.png,V1416
captcha_4731.png,T3362
captcha_4732.png,L3806
captcha_4733.png,T4751
captcha_4734.png,G8090
captcha_4735.png,F8995
captcha_4736.png,V7086
captcha_4737.png,G4946
captcha_4738.png,X226
captcha_4739.png,E4121
captcha_4740.png,H8822
captcha_4741.png,S2379
captcha_4742.png,X6191
captcha_4743.png,G8909
captcha_4744.png,C6492
captcha_4745.png,K7731
captcha_4746.png,Q993
captcha_4747.png,J1391
captcha_4748.png,H7878
captcha_4749.png,K7037
captcha_4750.png,Y5875
captcha_4751.png,R8025
captcha_4752.png,J8020
captcha_4753.png,Q6215
captcha_4754.png,M2653
captcha_4755.png,V7721
captcha_4756.png,K1179
captcha_4757.png,D1122
captcha_4758.png,V1621
captcha_4759.png,E1837
captcha_4760.png,M5318
captcha_4761.png,Q7925
captcha_4762.png,V276
captcha_4763.png,T7937
captcha_4764.png,N7305
captcha_4765.png,E9091
captcha_4766.png,Y4816
captcha_4767.png,Z6080
captcha_4768.png,S3398
captcha_4769.png,U4264
captcha_4770.png,Y5260
captcha_4771.png,E1056
captcha_4772.png,S6621
captcha_4773.png,V5203
captcha_4774.png,A2303
captcha_4775.png,H5992
captcha_4776.png,E9488
captcha_4777.png,W9206
captcha_4778.png,D7569
captcha_4779.png,Y3767
captcha_4780.png,S1669
captcha_4781.png,F2516
captcha_4782.png,N7205
captcha_4783.png,H8828
captcha_4784.png,W6317
captcha_4785.png,M7534
captcha_4786.png,Y795
captcha_4787.png,Z5414
captcha_4788.png,M188
captcha_4789.png,Z9892
captcha_4790.png,J2005
captcha_4791.png,N9580
captcha_4792.png,P5335
captcha_4793.png,R1423
captcha_4794.png,L5639
captcha_4795.png,G5915
captcha_4796.png,M4615
captcha_4797.png,Y1984
captcha_4798.png,Y2845
captcha_4799.png,S1869
captcha_4800.png,D4496
captcha_4801.png,K3852
captcha_4802.png,W3828
captcha_4803.png,K6401
captcha_4804.png,B5385
captcha_4805.png,H5897
captcha_4806.png,Y8761
captcha_4807.png,C4719
captcha_4808.png,P1814
captcha_4809.png,M1188
captcha_4810.png,Z6392
captcha_4811.png,U9880
captcha_4812.png,X1838
captcha_4813.png,Z6645
captcha_4814.png,W3897
captcha_4815.png,J9945
captcha_4816.png,U9391
captcha_4817.png,F2210
captcha_4818.png,K9669
captcha_4819.png,H326
captcha_4820.png,T5525
captcha_4821.png,F4031
captcha_4822.png,Z7830
captcha_4823.png,U7027
captcha_4824.png,C1318
captcha_4825.png,S3562
captcha_4826.png,Z1345
captcha_4827.png,Y9069
captcha_4828.png,V410
captcha_4829.png,S419
captcha_4830.png,S7357
captcha_4831.png,R8422
captcha_4832.png,E9927
captcha_4833.png,P5387
captcha_4834.png,Y8713
captcha_4835.png,N3907
captcha_4836.png,G5269
captcha_4837.png,P744
captcha_4838.png,L1969
captcha_4839.png,J4609
captcha_4840.png,G5990
captcha_4841.png,A2477
captcha_4842.png,B4932
captcha_4843.png,W6652
captcha_4844.png,X949
captcha_4845.png,R5912
captcha_4846.png,C9425
captcha_4847.png,X7794
captcha_4848.png,K7209
captcha_4849.png,D7155
captcha_4850.png,C9268
captcha_4851.png,A8718
captcha_4852.png,V479
captcha_4853.png,Q3969
captcha_4854.png,S1865
captcha_4855.png,H7155
captcha_4856.png,U5177
captcha_4857.png,E1251
captcha_4858.png,F8077
captcha_4859.png,M5168
captcha_4860.png,F5815
captcha_4861.png,Q7929
captcha_4862.png,G6849
captcha_4863.png,R9505
captcha_4864.png,X1933
captcha_4865.png,M342
captcha_4866.png,J3240
captcha_4867.png,P2149
captcha_4868.png,R6392
captcha_4869.png,Y6063
captcha_4870.png,D8464
captcha_4871.png,E9678
captcha_4872.png,L6742
captcha_4873.png,E5484
captcha_4874.png,L5416
captcha_4875.png,W9277
captcha_4876.png,V4604
captcha_4877.png,B3973
captcha_4878.png,S5708
captcha_4879.png,T4839
captcha_4880.png,R7488
captcha_4881.png,Q6587
captcha_4882.png,E4814
captcha_4883.png,B2367
captcha_4884.png,L9635
captcha_4885.png,W8816
captcha_4886.png,B6875
captcha_4887.png,L3813
captcha_4888.png,Y8346
captcha_4889.png,Z6299
captcha_4890.png,R776
captcha_4891.png,N5307
captcha_4892.png,J6072
captcha_4893.png,C5218
captcha_4894.png,C4501
captcha_4895.png,Z1793
captcha_4896.png,T1483
captcha_4897.png,D9817
captcha_4898.png,L6578
captcha_4899.png,A8492
captcha_4900.png,S3575
captcha_4901.png,E8852
captcha_4902.png,S3176
captcha_4903.png,X5481
captcha_4904.png,C3438
captcha_4905.png,Z3712
captcha_4906.png,K799
captcha_4907.png,W991
captcha_4908.png,M2560
captcha_4909.png,Z6576
captcha_4910.png,Y5629
captcha_4911.png,A6
captcha_4912.png,Z2004
captcha_4913.png,D8176
captcha_4914.png,C8567
captcha_4915.png,W5946
captcha_4916.png,T7984
captcha_4917.png,P7293
captcha_4918.png,L1638
captcha_4919.png,J8893
captcha_4920.png,F6217
captcha_4921.png,C4113
captcha_4922.png,C1353
captcha_4923.png,F9163
captcha_4924.png,T4989
captcha_4925.png,U1655
captcha_4926.png,N1506
captcha_4927.png,B3879
captcha_4928.png,V6973
captcha_4929.png,G6581
captcha_4930.png,B909
captcha_4931.png,W3976
captcha_4932.png,K5450
captcha_4933.png,E5721
captcha_4934.png,Z4433
captcha_4935.png,Y6872
captcha_4936.png,J5224
captcha_4937.png,K6400
captcha_4938.png,S4499
captcha_4939.png,H8164
captcha_4940.png,H4128
captcha_4941.png,W2505
captcha_4942.png,X4595
captcha_4943.png,M5182
captcha_4944.png,Y3958
captcha_4945.png,X433
captcha_4946.png,N4145
captcha_4947.png,J2000
captcha_4948.png,Q9642
captcha_4949.png,H1134
captcha_4950.png,X8772
captcha_4951.png,Z9343
captcha_4952.png,B4324
captcha_4953.png,T2025
captcha_4954.png,D4467
captcha_4955.png,X3397
captcha_4956.png,V5226
captcha_4957.png,M2424
captcha_4958.png,A4138
captcha_4959.png,U9332
captcha_4960.png,X5943
captcha_4961.png,W8538
captcha_4962.png,X1924
captcha_4963.png,N6002
captcha_4964.png,E9909
captcha_4965.png,M7816
captcha_4966.png,C464
captcha_4967.png,P9707
captcha_4968.png,V3508
captcha_4969.png,V6440
captcha_4970.png,U5556
captcha_4971.png,S5956
captcha_4972.png,H1033
captcha_4973.png,A7304
captcha_4974.png,F6066
captcha_4975.png,W3210
captcha_4976.png,E5908
captcha_4977.png,Z9402
captcha_4978.png,Q8952
captcha_4979.png,B3781
captcha_4980.png,U5334
captcha_4981.png,F1990
captcha_4982.png,L4597
captcha_4983.png,D2580
captcha_4984.png,W1146
captcha_4985.png,S7074
captcha_4986.png,G7815
captcha_4987.png,J7628
captcha_4988.png,B6823
captcha_4989.png,K7683
captcha_4990.png,B8634
captcha_4991.png,G1314
captcha_4992.png,D6331
captcha_4993.png,X7524
captcha_4994.png,G8339
captcha_4995.png,V4367
captcha_4996.png,B505
captcha_4997.png,J6855
captcha_4998.png,S7227
captcha_4999.png,F3224
captcha_5000.png,Y7504